Modulo,Recurso,Operacion,Endpoint,Proteccion,Expresion exacta,ROL_CONTADOR,ROL_PLANEADOR,Notas,Archivo,Linea
Inventario,AjusteInventario,ANULAR,DELETE /api/inventario/ajustes/{id},SecurityConfig + @PreAuthorize,"hasAnyAuthority(ROL_CONTADOR,ROL_SUPER_ADMIN,INV_AJUSTES_WRITE) + @PreAuthorize(""hasAnyAuthority('INV_AJUSTES_WRITE','ROL_CONTADOR','ROL_SUPER_ADMIN')",ALLOW,DENY,proteccion duplicada,src/main/java/com/willyes/clemenintegra/inventario/controller/AjusteInventarioController.java,39
Inventario,AlertaInventario,LISTAR/VER,GET /api/inventario/alertas/stock-bajo,SecurityConfig + @PreAuthorize,"hasAnyAuthority(ROL_JEFE_ALMACENES,ROL_ALMACENISTA,ROL_PLANEADOR,ROL_CONTADOR,ROL_SUPER_ADMIN,INV_ALERTAS_READ) + @PreAuthorize(""hasAnyAuthority('INV_ALERTAS_READ','ROL_SUPER_ADMIN','ROL_JEFE_ALMACENES','ROL_ALMACENISTA','ROL_PLANEADOR','ROL_CONTADOR')",ALLOW,ALLOW,proteccion duplicada,src/main/java/com/willyes/clemenintegra/inventario/controller/AlertaInventarioController.java,24
Inventario,AlertaInventario,LISTAR/VER,GET /api/inventario/alertas/productos-vencidos,SecurityConfig + @PreAuthorize,"hasAnyAuthority(ROL_JEFE_ALMACENES,ROL_ALMACENISTA,ROL_PLANEADOR,ROL_CONTADOR,ROL_SUPER_ADMIN,INV_ALERTAS_READ) + @PreAuthorize(""hasAnyAuthority('INV_ALERTAS_READ','ROL_SUPER_ADMIN','ROL_JEFE_ALMACENES','ROL_ALMACENISTA','ROL_PLANEADOR','ROL_CONTADOR')",ALLOW,ALLOW,proteccion duplicada,src/main/java/com/willyes/clemenintegra/inventario/controller/AlertaInventarioController.java,31
Inventario,AlertaInventario,LISTAR/VER,GET /api/inventario/alertas/lotes-retenidos-prolongados,SecurityConfig + @PreAuthorize,"hasAnyAuthority(ROL_JEFE_ALMACENES,ROL_ALMACENISTA,ROL_PLANEADOR,ROL_CONTADOR,ROL_SUPER_ADMIN,INV_ALERTAS_READ) + @PreAuthorize(""hasAnyAuthority('INV_ALERTAS_READ','ROL_SUPER_ADMIN','ROL_JEFE_ALMACENES','ROL_ALMACENISTA','ROL_PLANEADOR','ROL_CONTADOR')",ALLOW,ALLOW,proteccion duplicada,src/main/java/com/willyes/clemenintegra/inventario/controller/AlertaInventarioController.java,37
Inventario,BitacoraCambiosInventario,ANULAR,DELETE /api/inventario/bitacora/{id},SecurityConfig,"hasAnyAuthority(ROL_JEFE_CALIDAD,ROL_SUPER_ADMIN)",DENY,DENY,cae en /api/** authenticated,src/main/java/com/willyes/clemenintegra/inventario/controller/BitacoraCambiosInventarioController.java,27
Inventario,CategoriaProducto,LISTAR/VER,GET /api/categorias/{id},SecurityConfig + @PreAuthorize,"hasAnyAuthority(ROL_JEFE_CALIDAD,ROL_JEFE_ALMACENES,ROL_ALMACENISTA,ROL_CONTADOR,ROL_PLANEADOR,ROL_SUPER_ADMIN,INV_CATEGORIAS_READ) + @PreAuthorize(""hasAnyAuthority('INV_CATEGORIAS_READ','ROL_CONTADOR','ROL_JEFE_CALIDAD','ROL_JEFE_ALMACENES','ROL_ALMACENISTA','ROL_PLANEADOR','ROL_SUPER_ADMIN')",ALLOW,ALLOW,proteccion duplicada,src/main/java/com/willyes/clemenintegra/inventario/controller/CategoriaProductoController.java,25
Inventario,CategoriaProducto,EDITAR,PUT /api/categorias/{id},SecurityConfig + @PreAuthorize,"hasAnyAuthority(ROL_JEFE_ALMACENES,ROL_ALMACENISTA,ROL_SUPER_ADMIN) + @PreAuthorize(""hasAnyAuthority('ROL_JEFE_ALMACENES','ROL_ALMACENISTA','ROL_SUPER_ADMIN')",DENY,DENY,proteccion duplicada,src/main/java/com/willyes/clemenintegra/inventario/controller/CategoriaProductoController.java,38
Inventario,CategoriaProducto,ANULAR,DELETE /api/categorias/{id},SecurityConfig + @PreAuthorize,"hasAnyAuthority(ROL_JEFE_ALMACENES,ROL_ALMACENISTA,ROL_SUPER_ADMIN) + @PreAuthorize(""hasAnyAuthority('ROL_JEFE_ALMACENES','ROL_ALMACENISTA','ROL_SUPER_ADMIN')",DENY,DENY,proteccion duplicada,src/main/java/com/willyes/clemenintegra/inventario/controller/CategoriaProductoController.java,46
Inventario,ConteoCiclico,LISTAR/VER,GET /api/inventario/conteos/{id},SecurityConfig + @PreAuthorize,"hasAnyAuthority(ROL_ALMACENISTA,ROL_JEFE_ALMACENES,ROL_CONTADOR,ROL_SUPER_ADMIN,INV_CONTEOS_READ) + @PreAuthorize(""hasAnyAuthority('INV_CONTEOS_READ','ROL_ALMACENISTA','ROL_JEFE_ALMACENES','ROL_SUPER_ADMIN','ROL_CONTADOR')",ALLOW,DENY,proteccion duplicada,src/main/java/com/willyes/clemenintegra/inventario/controller/ConteoCiclicoController.java,42
Inventario,ConteoCiclico,LISTAR/VER,GET /api/inventario/conteos/{id}/lotes,SecurityConfig + @PreAuthorize,"hasAnyAuthority(ROL_ALMACENISTA,ROL_JEFE_ALMACENES,ROL_CONTADOR,ROL_SUPER_ADMIN,INV_CONTEOS_READ) + @PreAuthorize(""hasAnyAuthority('INV_CONTEOS_READ','ROL_ALMACENISTA','ROL_JEFE_ALMACENES','ROL_SUPER_ADMIN','ROL_CONTADOR')",ALLOW,DENY,proteccion duplicada,src/main/java/com/willyes/clemenintegra/inventario/controller/ConteoCiclicoController.java,49
Inventario,ConteoCiclico,CREAR,POST /api/inventario/conteos/{id}/detalles,SecurityConfig + @PreAuthorize,"hasAnyAuthority(ROL_JEFE_ALMACENES,ROL_SUPER_ADMIN,INV_CONTEOS_WRITE) + @PreAuthorize(""hasAnyAuthority('INV_CONTEOS_WRITE','ROL_JEFE_ALMACENES','ROL_SUPER_ADMIN')",DENY,DENY,proteccion duplicada,src/main/java/com/willyes/clemenintegra/inventario/controller/ConteoCiclicoController.java,68
Inventario,ConteoCiclico,EDITAR,PUT /api/inventario/conteos/{id},SecurityConfig + @PreAuthorize,"hasAnyAuthority(ROL_JEFE_ALMACENES,ROL_SUPER_ADMIN,INV_CONTEOS_WRITE) + @PreAuthorize(""hasAnyAuthority('INV_CONTEOS_WRITE','ROL_JEFE_ALMACENES','ROL_SUPER_ADMIN')",DENY,DENY,proteccion duplicada,src/main/java/com/willyes/clemenintegra/inventario/controller/ConteoCiclicoController.java,76
Inventario,ConteoCiclico,CAMBIAR_ESTADO,POST /api/inventario/conteos/{id}/iniciar,SecurityConfig + @PreAuthorize,"hasAnyAuthority(ROL_JEFE_ALMACENES,ROL_SUPER_ADMIN,INV_CONTEOS_WRITE) + @PreAuthorize(""hasAnyAuthority('INV_CONTEOS_WRITE','ROL_JEFE_ALMACENES','ROL_SUPER_ADMIN')",DENY,DENY,proteccion duplicada,src/main/java/com/willyes/clemenintegra/inventario/controller/ConteoCiclicoController.java,84
Inventario,ConteoCiclico,CREAR,POST /api/inventario/conteos/{id}/en-conteo,SecurityConfig + @PreAuthorize,"hasAnyAuthority(ROL_JEFE_ALMACENES,ROL_SUPER_ADMIN,INV_CONTEOS_WRITE) + @PreAuthorize(""hasAnyAuthority('INV_CONTEOS_WRITE','ROL_JEFE_ALMACENES','ROL_SUPER_ADMIN')",DENY,DENY,proteccion duplicada,src/main/java/com/willyes/clemenintegra/inventario/controller/ConteoCiclicoController.java,91
Inventario,ConteoCiclico,CREAR,POST /api/inventario/conteos/{id}/cerrar,SecurityConfig + @PreAuthorize,"hasAnyAuthority(ROL_JEFE_ALMACENES,ROL_SUPER_ADMIN,INV_CONTEOS_WRITE) + @PreAuthorize(""hasAnyAuthority('INV_CONTEOS_WRITE','ROL_JEFE_ALMACENES','ROL_SUPER_ADMIN')",DENY,DENY,proteccion duplicada,src/main/java/com/willyes/clemenintegra/inventario/controller/ConteoCiclicoController.java,98
Inventario,ConteoCiclico,CREAR,POST /api/inventario/conteos/{id}/aplicar,SecurityConfig + @PreAuthorize,"hasAnyAuthority(ROL_CONTADOR,ROL_SUPER_ADMIN) + @PreAuthorize(""hasAnyAuthority('ROL_CONTADOR','ROL_SUPER_ADMIN')",ALLOW,DENY,proteccion duplicada,src/main/java/com/willyes/clemenintegra/inventario/controller/ConteoCiclicoController.java,105
Inventario,HistorialEstadoOrden,LISTAR/VER,GET /api/inventario/historial-ordenes/orden/{ordenId},SecurityConfig,"hasAnyAuthority(ROL_ALMACENISTA,ROL_JEFE_ALMACENES,ROL_CONTADOR,ROL_COMPRADOR,ROL_JEFE_CALIDAD,ROL_ANALISTA_CALIDAD,ROL_MICROBIOLOGO,ROL_JEFE_PRODUCCION,ROL_PLANEADOR,ROL_SUPER_ADMIN)",ALLOW,ALLOW,cae en /api/** authenticated,src/main/java/com/willyes/clemenintegra/inventario/controller/HistorialEstadoOrdenController.java,27
Inventario,InventarioConsulta,LISTAR/VER,GET /api/inventario/disponibilidad/producto/{productoId},SecurityConfig + @PreAuthorize,"authenticated + @PreAuthorize(""hasAnyAuthority('ROL_JEFE_PRODUCCION','ROL_JEFE_ALMACENES','ROL_ALMACENISTA','ROL_SUPER_ADMIN')",DENY,DENY,proteccion duplicada,src/main/java/com/willyes/clemenintegra/inventario/controller/InventarioConsultaController.java,19
Inventario,InventarioFefo,LISTAR/VER,GET /api/inventario/fefo/preview,SecurityConfig + @PreAuthorize,"authenticated + @PreAuthorize(""hasAnyAuthority('ROL_JEFE_ALMACENES','ROL_ALMACENISTA','ROL_SUPER_ADMIN')",DENY,DENY,proteccion duplicada,src/main/java/com/willyes/clemenintegra/inventario/controller/InventarioFefoController.java,28
Inventario,InventarioTask,CREAR,POST /api/inventario/tasks/expirar-lotes,SecurityConfig + @PreAuthorize,"authenticated + @PreAuthorize(""hasAnyAuthority('ROL_SUPER_ADMIN','ROL_JEFE_CALIDAD')",DENY,DENY,proteccion duplicada,src/main/java/com/willyes/clemenintegra/inventario/controller/InventarioTaskController.java,20
Inventario,LoteProducto,LISTAR/VER,GET /api/lotes/por-evaluar,SecurityConfig + @PreAuthorize,"hasAnyAuthority(ROL_ALMACENISTA,ROL_JEFE_ALMACENES,ROL_CONTADOR,ROL_COMPRADOR,ROL_JEFE_CALIDAD,ROL_ANALISTA_CALIDAD,ROL_MICROBIOLOGO,ROL_JEFE_PRODUCCION,ROL_PLANEADOR,ROL_SUPER_ADMIN) + @PreAuthorize(""hasAnyAuthority('ROL_JEFE_CALIDAD','ROL_ANALISTA_CALIDAD','ROL_MICROBIOLOGO','ROL_SUPER_ADMIN')",DENY,DENY,proteccion duplicada,src/main/java/com/willyes/clemenintegra/inventario/controller/LoteProductoController.java,117
Inventario,LoteProducto,LISTAR/VER,GET /api/lotes/{id}/evaluaciones,SecurityConfig + @PreAuthorize,"hasAnyAuthority(ROL_ALMACENISTA,ROL_JEFE_ALMACENES,ROL_CONTADOR,ROL_COMPRADOR,ROL_JEFE_CALIDAD,ROL_ANALISTA_CALIDAD,ROL_MICROBIOLOGO,ROL_JEFE_PRODUCCION,ROL_PLANEADOR,ROL_SUPER_ADMIN) + @PreAuthorize(""hasAnyAuthority('ROL_JEFE_CALIDAD','ROL_SUPER_ADMIN','ROL_ANALISTA_CALIDAD','ROL_MICROBIOLOGO')",DENY,DENY,proteccion duplicada,src/main/java/com/willyes/clemenintegra/inventario/controller/LoteProductoController.java,126
Inventario,LoteProducto,EDITAR,PUT /api/lotes/{id}/liberar,SecurityConfig + @PreAuthorize,"hasAnyAuthority(ROL_ALMACENISTA,ROL_JEFE_ALMACENES,ROL_CONTADOR,ROL_COMPRADOR,ROL_JEFE_CALIDAD,ROL_ANALISTA_CALIDAD,ROL_MICROBIOLOGO,ROL_JEFE_PRODUCCION,ROL_PLANEADOR,ROL_SUPER_ADMIN) + @PreAuthorize(""hasAnyAuthority('ROL_JEFE_CALIDAD', 'ROL_SUPER_ADMIN')",DENY,DENY,proteccion duplicada,src/main/java/com/willyes/clemenintegra/inventario/controller/LoteProductoController.java,132
Inventario,LoteProducto,RECHAZAR,PUT /api/lotes/{id}/rechazar,SecurityConfig + @PreAuthorize,"hasAnyAuthority(ROL_ALMACENISTA,ROL_JEFE_ALMACENES,ROL_CONTADOR,ROL_COMPRADOR,ROL_JEFE_CALIDAD,ROL_ANALISTA_CALIDAD,ROL_MICROBIOLOGO,ROL_JEFE_PRODUCCION,ROL_PLANEADOR,ROL_SUPER_ADMIN) + @PreAuthorize(""hasAnyAuthority('ROL_JEFE_CALIDAD', 'ROL_SUPER_ADMIN')",DENY,DENY,proteccion duplicada,src/main/java/com/willyes/clemenintegra/inventario/controller/LoteProductoController.java,140
Inventario,LoteProducto,EDITAR,PUT /api/lotes/{id}/liberar-retenido,SecurityConfig + @PreAuthorize,"hasAnyAuthority(ROL_ALMACENISTA,ROL_JEFE_ALMACENES,ROL_CONTADOR,ROL_COMPRADOR,ROL_JEFE_CALIDAD,ROL_ANALISTA_CALIDAD,ROL_MICROBIOLOGO,ROL_JEFE_PRODUCCION,ROL_PLANEADOR,ROL_SUPER_ADMIN) + @PreAuthorize(""hasAnyAuthority('ROL_JEFE_CALIDAD', 'ROL_SUPER_ADMIN')",DENY,DENY,proteccion duplicada,src/main/java/com/willyes/clemenintegra/inventario/controller/LoteProductoController.java,148
Inventario,OrdenCompra,EDITAR,PUT /api/inventario/ordenes/{id},SecurityConfig + @PreAuthorize,"hasAnyAuthority(ROL_COMPRADOR,ROL_JEFE_ALMACENES,ROL_SUPER_ADMIN) + @PreAuthorize(""hasAnyAuthority('ROL_JEFE_ALMACENES', 'ROL_SUPER_ADMIN')",DENY,DENY,proteccion duplicada,src/main/java/com/willyes/clemenintegra/inventario/controller/OrdenCompraController.java,120
Inventario,OrdenCompra,CAMBIAR_ESTADO,GET /api/inventario/ordenes/estado,SecurityConfig,"hasAnyAuthority(ROL_COMPRADOR,ROL_JEFE_ALMACENES,ROL_SUPER_ADMIN)",DENY,DENY,cae en /api/** authenticated,src/main/java/com/willyes/clemenintegra/inventario/controller/OrdenCompraController.java,173
Inventario,OrdenCompra,LISTAR/VER,GET /api/inventario/ordenes/{id}/detalles,SecurityConfig,"hasAnyAuthority(ROL_COMPRADOR,ROL_JEFE_ALMACENES,ROL_SUPER_ADMIN)",DENY,DENY,cae en /api/** authenticated,src/main/java/com/willyes/clemenintegra/inventario/controller/OrdenCompraController.java,181
Inventario,OrdenCompra,CAMBIAR_ESTADO,PUT /api/inventario/ordenes/{id}/estado,SecurityConfig + @PreAuthorize,"hasAnyAuthority(ROL_COMPRADOR,ROL_JEFE_ALMACENES,ROL_SUPER_ADMIN) + @PreAuthorize(""hasAnyAuthority('ROL_COMPRADOR','ROL_SUPER_ADMIN')",DENY,DENY,proteccion duplicada,src/main/java/com/willyes/clemenintegra/inventario/controller/OrdenCompraController.java,189
Inventario,OrdenCompra,LISTAR/VER,GET /api/inventario/ordenes/{id}/transiciones,SecurityConfig + @PreAuthorize,"hasAnyAuthority(ROL_COMPRADOR,ROL_JEFE_ALMACENES,ROL_SUPER_ADMIN) + @PreAuthorize(""hasAnyAuthority('ROL_COMPRADOR','ROL_JEFE_ALMACENES','ROL_SUPER_ADMIN')",DENY,DENY,proteccion duplicada,src/main/java/com/willyes/clemenintegra/inventario/controller/OrdenCompraController.java,203
Inventario,OrdenCompra,LISTAR/VER,GET /api/inventario/ordenes/{id}/pdf,SecurityConfig + @PreAuthorize,"hasAnyAuthority(ROL_COMPRADOR,ROL_JEFE_ALMACENES,ROL_SUPER_ADMIN) + @PreAuthorize(""hasAnyAuthority('ROL_COMPRADOR','ROL_SUPER_ADMIN')",DENY,DENY,proteccion duplicada,src/main/java/com/willyes/clemenintegra/inventario/controller/OrdenCompraController.java,227
Inventario,OrdenCompra,LISTAR/VER,GET /api/inventario/ordenes/{id}/recepciones,SecurityConfig,"hasAnyAuthority(ROL_COMPRADOR,ROL_JEFE_ALMACENES,ROL_SUPER_ADMIN)",DENY,DENY,cae en /api/** authenticated,src/main/java/com/willyes/clemenintegra/inventario/controller/OrdenCompraController.java,266
Inventario,OrdenCompra,LISTAR/VER,GET /api/inventario/ordenes/{id}/historial,SecurityConfig,"hasAnyAuthority(ROL_COMPRADOR,ROL_JEFE_ALMACENES,ROL_SUPER_ADMIN)",DENY,DENY,cae en /api/** authenticated,src/main/java/com/willyes/clemenintegra/inventario/controller/OrdenCompraController.java,272
Inventario,OrdenCompraDetalle,CREAR,POST /api/inventario/ordenes-compra-detalle/{ordenCompraId},SecurityConfig,"hasAnyAuthority(ROL_ALMACENISTA,ROL_JEFE_ALMACENES,ROL_CONTADOR,ROL_COMPRADOR,ROL_JEFE_CALIDAD,ROL_ANALISTA_CALIDAD,ROL_MICROBIOLOGO,ROL_JEFE_PRODUCCION,ROL_PLANEADOR,ROL_SUPER_ADMIN)",ALLOW,ALLOW,cae en /api/** authenticated,src/main/java/com/willyes/clemenintegra/inventario/controller/OrdenCompraDetalleController.java,34
Inventario,OrdenCompraDetalle,LISTAR/VER,GET /api/inventario/ordenes-compra-detalle/{id},SecurityConfig,"hasAnyAuthority(ROL_ALMACENISTA,ROL_JEFE_ALMACENES,ROL_CONTADOR,ROL_COMPRADOR,ROL_JEFE_CALIDAD,ROL_ANALISTA_CALIDAD,ROL_MICROBIOLOGO,ROL_JEFE_PRODUCCION,ROL_PLANEADOR,ROL_SUPER_ADMIN)",ALLOW,ALLOW,cae en /api/** authenticated,src/main/java/com/willyes/clemenintegra/inventario/controller/OrdenCompraDetalleController.java,59
Inventario,OrdenCompraDetalle,ANULAR,DELETE /api/inventario/ordenes-compra-detalle/{id},SecurityConfig,"hasAnyAuthority(ROL_ALMACENISTA,ROL_JEFE_ALMACENES,ROL_CONTADOR,ROL_COMPRADOR,ROL_JEFE_CALIDAD,ROL_ANALISTA_CALIDAD,ROL_MICROBIOLOGO,ROL_JEFE_PRODUCCION,ROL_PLANEADOR,ROL_SUPER_ADMIN)",ALLOW,ALLOW,cae en /api/** authenticated,src/main/java/com/willyes/clemenintegra/inventario/controller/OrdenCompraDetalleController.java,67
Inventario,OrdenCompraDocumento,CREAR,POST /api/ordenes-compra/{ordenCompraId}/documentos,SecurityConfig + @PreAuthorize,"hasAnyAuthority(ROL_COMPRADOR,ROL_JEFE_ALMACENES,ROL_ALMACENISTA,ROL_SUPER_ADMIN) + @PreAuthorize(""hasAnyAuthority('ROL_COMPRADOR','ROL_SUPER_ADMIN')",DENY,DENY,proteccion duplicada,src/main/java/com/willyes/clemenintegra/inventario/controller/OrdenCompraDocumentoController.java,30
Inventario,OrdenCompraDocumento,LISTAR/VER,GET /api/ordenes-compra/{ordenCompraId}/documentos,SecurityConfig + @PreAuthorize,"hasAnyAuthority(ROL_COMPRADOR,ROL_JEFE_ALMACENES,ROL_ALMACENISTA,ROL_CONTADOR,ROL_SUPER_ADMIN) + @PreAuthorize(""hasAnyAuthority('ROL_COMPRADOR','ROL_JEFE_ALMACENES','ROL_SUPER_ADMIN')",DENY,DENY,proteccion duplicada,src/main/java/com/willyes/clemenintegra/inventario/controller/OrdenCompraDocumentoController.java,44
Inventario,OrdenCompraDocumento,LISTAR/VER,GET /api/ordenes-compra/documentos/{documentoId}/download,SecurityConfig + @PreAuthorize,"hasAnyAuthority(ROL_COMPRADOR,ROL_JEFE_ALMACENES,ROL_ALMACENISTA,ROL_CONTADOR,ROL_SUPER_ADMIN) + @PreAuthorize(""hasAnyAuthority('ROL_COMPRADOR','ROL_JEFE_ALMACENES','ROL_SUPER_ADMIN')",DENY,DENY,proteccion duplicada,src/main/java/com/willyes/clemenintegra/inventario/controller/OrdenCompraDocumentoController.java,50
Inventario,PicklistPt,LISTAR/VER,GET /api/inventario/picklists-pt/{id},SecurityConfig + @PreAuthorize,"authenticated + @PreAuthorize(""hasAnyAuthority('ROL_JEFE_ALMACENES','ROL_ALMACENISTA','ROL_SUPER_ADMIN')",DENY,DENY,proteccion duplicada,src/main/java/com/willyes/clemenintegra/inventario/controller/PicklistPtController.java,61
Inventario,PicklistPt,LISTAR/VER,GET /api/inventario/picklists-pt/{id}/pdf,SecurityConfig + @PreAuthorize,"authenticated + @PreAuthorize(""hasAnyAuthority('ROL_JEFE_ALMACENES','ROL_ALMACENISTA','ROL_SUPER_ADMIN')",DENY,DENY,proteccion duplicada,src/main/java/com/willyes/clemenintegra/inventario/controller/PicklistPtController.java,67
Inventario,PicklistPt,CREAR,POST /api/inventario/picklists-pt/{id}/confirmar,SecurityConfig + @PreAuthorize,"authenticated + @PreAuthorize(""hasAnyAuthority('ROL_JEFE_ALMACENES','ROL_ALMACENISTA','ROL_SUPER_ADMIN')",DENY,DENY,proteccion duplicada,src/main/java/com/willyes/clemenintegra/inventario/controller/PicklistPtController.java,77
Inventario,PicklistPt,CREAR,POST /api/inventario/picklists-pt/{id}/ejecutar,SecurityConfig + @PreAuthorize,"authenticated + @PreAuthorize(""hasAnyAuthority('ROL_JEFE_ALMACENES','ROL_ALMACENISTA','ROL_SUPER_ADMIN')",DENY,DENY,proteccion duplicada,src/main/java/com/willyes/clemenintegra/inventario/controller/PicklistPtController.java,83
Inventario,PicklistPt,CAMBIAR_ESTADO,POST /api/inventario/picklists-pt/{id}/cancelar,SecurityConfig + @PreAuthorize,"authenticated + @PreAuthorize(""hasAnyAuthority('ROL_JEFE_ALMACENES','ROL_ALMACENISTA','ROL_SUPER_ADMIN')",DENY,DENY,proteccion duplicada,src/main/java/com/willyes/clemenintegra/inventario/controller/PicklistPtController.java,89
Inventario,ProductoCalidad,EDITAR,PATCH /api/inventario/productos/{id}/calidad,SecurityConfig + @PreAuthorize,"hasAnyAuthority(ROL_JEFE_CALIDAD,ROL_SUPER_ADMIN) + @PreAuthorize(""hasAnyAuthority('ROL_JEFE_CALIDAD','ROL_SUPER_ADMIN')",DENY,DENY,proteccion duplicada,src/main/java/com/willyes/clemenintegra/inventario/controller/ProductoCalidadController.java,21
Inventario,Producto,LISTAR/VER,GET /api/productos/buscar,SecurityConfig + @PreAuthorize,"hasAnyAuthority(ROL_ALMACENISTA,ROL_JEFE_ALMACENES,ROL_CONTADOR,ROL_COMPRADOR,ROL_JEFE_CALIDAD,ROL_ANALISTA_CALIDAD,ROL_MICROBIOLOGO,ROL_JEFE_PRODUCCION,ROL_PLANEADOR,ROL_SUPER_ADMIN,INV_PRODUCT_READ) + @PreAuthorize(""hasAnyAuthority('ROL_CONTADOR','ROL_SUPER_ADMIN')",ALLOW,DENY,proteccion duplicada,src/main/java/com/willyes/clemenintegra/inventario/controller/ProductoController.java,40
Inventario,Producto,LISTAR/VER,GET /api/productos/buscar-insumos,SecurityConfig + @PreAuthorize,"hasAnyAuthority(ROL_ALMACENISTA,ROL_JEFE_ALMACENES,ROL_CONTADOR,ROL_COMPRADOR,ROL_JEFE_CALIDAD,ROL_ANALISTA_CALIDAD,ROL_MICROBIOLOGO,ROL_JEFE_PRODUCCION,ROL_PLANEADOR,ROL_SUPER_ADMIN,INV_PRODUCT_READ) + @PreAuthorize(""hasAnyAuthority('INV_PRODUCT_READ','ROL_CONTADOR','ROL_JEFE_ALMACENES','ROL_ALMACENISTA','ROL_JEFE_PRODUCCION','ROL_SUPER_ADMIN','ROL_PLANEADOR')",ALLOW,ALLOW,proteccion duplicada,src/main/java/com/willyes/clemenintegra/inventario/controller/ProductoController.java,49
Inventario,Producto,LISTAR/VER,GET /api/productos/buscar-pt,SecurityConfig + @PreAuthorize,"hasAnyAuthority(ROL_ALMACENISTA,ROL_JEFE_ALMACENES,ROL_CONTADOR,ROL_COMPRADOR,ROL_JEFE_CALIDAD,ROL_ANALISTA_CALIDAD,ROL_MICROBIOLOGO,ROL_JEFE_PRODUCCION,ROL_PLANEADOR,ROL_SUPER_ADMIN,INV_PRODUCT_READ) + @PreAuthorize(""hasAnyAuthority('INV_PRODUCT_READ','ROL_CONTADOR','ROL_JEFE_ALMACENES','ROL_ALMACENISTA','ROL_JEFE_PRODUCCION','ROL_SUPER_ADMIN','ROL_PLANEADOR')",ALLOW,ALLOW,proteccion duplicada,src/main/java/com/willyes/clemenintegra/inventario/controller/ProductoController.java,59
Inventario,Producto,LISTAR/VER,GET /api/productos/buscar-fabricables,SecurityConfig + @PreAuthorize,"hasAnyAuthority(ROL_ALMACENISTA,ROL_JEFE_ALMACENES,ROL_CONTADOR,ROL_COMPRADOR,ROL_JEFE_CALIDAD,ROL_ANALISTA_CALIDAD,ROL_MICROBIOLOGO,ROL_JEFE_PRODUCCION,ROL_PLANEADOR,ROL_SUPER_ADMIN,INV_PRODUCT_READ) + @PreAuthorize(""hasAnyAuthority('INV_PRODUCT_READ','ROL_CONTADOR','ROL_JEFE_PRODUCCION','ROL_JEFE_ALMACENES','ROL_JEFE_CALIDAD','ROL_SUPER_ADMIN','ROL_PLANEADOR')",ALLOW,ALLOW,proteccion duplicada,src/main/java/com/willyes/clemenintegra/inventario/controller/ProductoController.java,69
Inventario,Producto,LISTAR/VER,GET /api/productos/fabricables,SecurityConfig + @PreAuthorize,"hasAnyAuthority(ROL_ALMACENISTA,ROL_JEFE_ALMACENES,ROL_CONTADOR,ROL_COMPRADOR,ROL_JEFE_CALIDAD,ROL_ANALISTA_CALIDAD,ROL_MICROBIOLOGO,ROL_JEFE_PRODUCCION,ROL_PLANEADOR,ROL_SUPER_ADMIN,INV_PRODUCT_READ) + @PreAuthorize(""hasAnyAuthority('INV_PRODUCT_READ','ROL_CONTADOR','ROL_JEFE_PRODUCCION','ROL_JEFE_ALMACENES','ROL_JEFE_CALIDAD','ROL_SUPER_ADMIN','ROL_PLANEADOR')",ALLOW,ALLOW,proteccion duplicada,src/main/java/com/willyes/clemenintegra/inventario/controller/ProductoController.java,91
Inventario,Producto,LISTAR/VER,GET /api/productos/producto-terminado,SecurityConfig + @PreAuthorize,"hasAnyAuthority(ROL_ALMACENISTA,ROL_JEFE_ALMACENES,ROL_CONTADOR,ROL_COMPRADOR,ROL_JEFE_CALIDAD,ROL_ANALISTA_CALIDAD,ROL_MICROBIOLOGO,ROL_JEFE_PRODUCCION,ROL_PLANEADOR,ROL_SUPER_ADMIN,INV_PRODUCT_READ) + @PreAuthorize(""hasAnyAuthority('INV_PRODUCT_READ','ROL_CONTADOR','ROL_JEFE_CALIDAD','ROL_JEFE_PRODUCCION','ROL_SUPER_ADMIN','ROL_PLANEADOR')",ALLOW,ALLOW,proteccion duplicada,src/main/java/com/willyes/clemenintegra/inventario/controller/ProductoController.java,98
Inventario,Producto,LISTAR/VER,GET /api/productos/insumos,SecurityConfig + @PreAuthorize,"hasAnyAuthority(ROL_ALMACENISTA,ROL_JEFE_ALMACENES,ROL_CONTADOR,ROL_COMPRADOR,ROL_JEFE_CALIDAD,ROL_ANALISTA_CALIDAD,ROL_MICROBIOLOGO,ROL_JEFE_PRODUCCION,ROL_PLANEADOR,ROL_SUPER_ADMIN,INV_PRODUCT_READ) + @PreAuthorize(""hasAnyAuthority('INV_PRODUCT_READ','ROL_CONTADOR','ROL_JEFE_CALIDAD','ROL_JEFE_PRODUCCION','ROL_SUPER_ADMIN','ROL_PLANEADOR')",ALLOW,ALLOW,proteccion duplicada,src/main/java/com/willyes/clemenintegra/inventario/controller/ProductoController.java,104
Inventario,Producto,LISTAR/VER,GET /api/productos/insumos/autocomplete,SecurityConfig + @PreAuthorize,"hasAnyAuthority(ROL_ALMACENISTA,ROL_JEFE_ALMACENES,ROL_CONTADOR,ROL_COMPRADOR,ROL_JEFE_CALIDAD,ROL_ANALISTA_CALIDAD,ROL_MICROBIOLOGO,ROL_JEFE_PRODUCCION,ROL_PLANEADOR,ROL_SUPER_ADMIN,INV_PRODUCT_READ) + @PreAuthorize(""hasAnyAuthority('INV_PRODUCT_READ','ROL_CONTADOR','ROL_JEFE_CALIDAD','ROL_JEFE_PRODUCCION','ROL_SUPER_ADMIN','ROL_PLANEADOR')",ALLOW,ALLOW,proteccion duplicada,src/main/java/com/willyes/clemenintegra/inventario/controller/ProductoController.java,115
Inventario,Producto,LISTAR/VER,GET /api/productos/terminados,SecurityConfig + @PreAuthorize,"hasAnyAuthority(ROL_ALMACENISTA,ROL_JEFE_ALMACENES,ROL_CONTADOR,ROL_COMPRADOR,ROL_JEFE_CALIDAD,ROL_ANALISTA_CALIDAD,ROL_MICROBIOLOGO,ROL_JEFE_PRODUCCION,ROL_PLANEADOR,ROL_SUPER_ADMIN,INV_PRODUCT_READ) + @PreAuthorize(""hasAnyAuthority('INV_PRODUCT_READ','ROL_CONTADOR','ROL_JEFE_CALIDAD','ROL_JEFE_PRODUCCION','ROL_SUPER_ADMIN')",ALLOW,DENY,proteccion duplicada,src/main/java/com/willyes/clemenintegra/inventario/controller/ProductoController.java,125
Inventario,Producto,EDITAR,PUT /api/productos/{id},SecurityConfig + @PreAuthorize,"hasAnyAuthority(ROL_ALMACENISTA,ROL_JEFE_ALMACENES,ROL_CONTADOR,ROL_COMPRADOR,ROL_JEFE_CALIDAD,ROL_ANALISTA_CALIDAD,ROL_MICROBIOLOGO,ROL_JEFE_PRODUCCION,ROL_PLANEADOR,ROL_SUPER_ADMIN) + @PreAuthorize(""hasAnyAuthority('ROL_JEFE_ALMACENES', 'ROL_SUPER_ADMIN')",DENY,DENY,proteccion duplicada,src/main/java/com/willyes/clemenintegra/inventario/controller/ProductoController.java,159
Inventario,Producto,ANULAR,DELETE /api/productos/{id},SecurityConfig + @PreAuthorize,"hasAnyAuthority(ROL_ALMACENISTA,ROL_JEFE_ALMACENES,ROL_CONTADOR,ROL_COMPRADOR,ROL_JEFE_CALIDAD,ROL_ANALISTA_CALIDAD,ROL_MICROBIOLOGO,ROL_JEFE_PRODUCCION,ROL_PLANEADOR,ROL_SUPER_ADMIN) + @PreAuthorize(""hasAnyAuthority('ROL_JEFE_ALMACENES', 'ROL_SUPER_ADMIN')",DENY,DENY,proteccion duplicada,src/main/java/com/willyes/clemenintegra/inventario/controller/ProductoController.java,173
Inventario,Producto,CAMBIAR_ESTADO,PATCH /api/productos/{id}/estado,SecurityConfig + @PreAuthorize,"hasAnyAuthority(ROL_ALMACENISTA,ROL_JEFE_ALMACENES,ROL_CONTADOR,ROL_COMPRADOR,ROL_JEFE_CALIDAD,ROL_ANALISTA_CALIDAD,ROL_MICROBIOLOGO,ROL_JEFE_PRODUCCION,ROL_PLANEADOR,ROL_SUPER_ADMIN) + @PreAuthorize(""hasAnyAuthority('ROL_JEFE_ALMACENES', 'ROL_SUPER_ADMIN')",DENY,DENY,proteccion duplicada,src/main/java/com/willyes/clemenintegra/inventario/controller/ProductoController.java,184
Inventario,Producto,EDITAR,PUT /api/productos/{id}/unidad-medida,SecurityConfig + @PreAuthorize,"hasAnyAuthority(ROL_ALMACENISTA,ROL_JEFE_ALMACENES,ROL_CONTADOR,ROL_COMPRADOR,ROL_JEFE_CALIDAD,ROL_ANALISTA_CALIDAD,ROL_MICROBIOLOGO,ROL_JEFE_PRODUCCION,ROL_PLANEADOR,ROL_SUPER_ADMIN) + @PreAuthorize(""hasAnyAuthority('ROL_JEFE_ALMACENES', 'ROL_SUPER_ADMIN')",DENY,DENY,proteccion duplicada,src/main/java/com/willyes/clemenintegra/inventario/controller/ProductoController.java,193
Inventario,Proveedor,LISTAR/VER,GET /api/proveedores/autocomplete,SecurityConfig + @PreAuthorize,"hasAnyAuthority(ROL_ALMACENISTA,ROL_JEFE_ALMACENES,ROL_CONTADOR,ROL_COMPRADOR,ROL_JEFE_CALIDAD,ROL_ANALISTA_CALIDAD,ROL_MICROBIOLOGO,ROL_JEFE_PRODUCCION,ROL_PLANEADOR,ROL_SUPER_ADMIN) + @PreAuthorize(""hasAnyAuthority('ROL_COMPRADOR','ROL_SUPER_ADMIN')",DENY,DENY,proteccion duplicada,src/main/java/com/willyes/clemenintegra/inventario/controller/ProveedorController.java,62
Inventario,RecepcionOC,LISTAR/VER,GET /api/recepciones/{codigo},SecurityConfig + @PreAuthorize,"hasAnyAuthority(ROL_JEFE_ALMACENES,ROL_ALMACENISTA,ROL_SUPER_ADMIN) + @PreAuthorize(""hasAnyAuthority('ROL_JEFE_ALMACENES','ROL_ALMACENISTA','ROL_SUPER_ADMIN')",DENY,DENY,proteccion duplicada,src/main/java/com/willyes/clemenintegra/inventario/controller/RecepcionOCController.java,32
Inventario,ReporteCompras,LISTAR/VER,GET /api/reportes/compras/excel,SecurityConfig + @PreAuthorize,"hasAnyAuthority(ROL_ALMACENISTA,ROL_JEFE_ALMACENES,ROL_COMPRADOR,ROL_CONTADOR,ROL_ANALISTA_CALIDAD,ROL_JEFE_CALIDAD,ROL_JEFE_PRODUCCION,ROL_PLANEADOR,ROL_SUPER_ADMIN) + @PreAuthorize(""hasAnyAuthority('ROL_COMPRADOR','ROL_CONTADOR','ROL_SUPER_ADMIN')",ALLOW,DENY,proteccion duplicada,src/main/java/com/willyes/clemenintegra/inventario/controller/ReporteComprasController.java,35
Inventario,ReporteInventario,LISTAR/VER,GET /api/reportes/alta-rotacion,SecurityConfig + @PreAuthorize,"hasAnyAuthority(ROL_ALMACENISTA,ROL_JEFE_ALMACENES,ROL_COMPRADOR,ROL_CONTADOR,ROL_ANALISTA_CALIDAD,ROL_JEFE_CALIDAD,ROL_JEFE_PRODUCCION,ROL_PLANEADOR,ROL_SUPER_ADMIN) + @PreAuthorize(""hasAnyAuthority('ROL_ALMACENISTA','ROL_JEFE_ALMACENES','ROL_SUPER_ADMIN','ROL_COMPRADOR','ROL_PLANEADOR','ROL_CONTADOR','INV_REPORTES_EXPORT')",ALLOW,ALLOW,proteccion duplicada,src/main/java/com/willyes/clemenintegra/inventario/controller/ReporteInventarioController.java,41
Inventario,ReporteInventario,LISTAR/VER,GET /api/reportes/baja-rotacion,SecurityConfig + @PreAuthorize,"hasAnyAuthority(ROL_ALMACENISTA,ROL_JEFE_ALMACENES,ROL_COMPRADOR,ROL_CONTADOR,ROL_ANALISTA_CALIDAD,ROL_JEFE_CALIDAD,ROL_JEFE_PRODUCCION,ROL_PLANEADOR,ROL_SUPER_ADMIN) + @PreAuthorize(""hasAnyAuthority('ROL_ALMACENISTA','ROL_JEFE_ALMACENES','ROL_SUPER_ADMIN','ROL_COMPRADOR','ROL_PLANEADOR','ROL_CONTADOR','INV_REPORTES_EXPORT')",ALLOW,ALLOW,proteccion duplicada,src/main/java/com/willyes/clemenintegra/inventario/controller/ReporteInventarioController.java,57
Inventario,ReporteInventario,LISTAR/VER,GET /api/reportes/mas-costosos,SecurityConfig + @PreAuthorize,"hasAnyAuthority(ROL_ALMACENISTA,ROL_JEFE_ALMACENES,ROL_COMPRADOR,ROL_CONTADOR,ROL_ANALISTA_CALIDAD,ROL_JEFE_CALIDAD,ROL_JEFE_PRODUCCION,ROL_PLANEADOR,ROL_SUPER_ADMIN) + @PreAuthorize(""hasAnyAuthority('ROL_ALMACENISTA','ROL_JEFE_ALMACENES','ROL_SUPER_ADMIN','ROL_PLANEADOR')",DENY,ALLOW,proteccion duplicada,src/main/java/com/willyes/clemenintegra/inventario/controller/ReporteInventarioController.java,73
Inventario,ReporteInventario,LISTAR/VER,GET /api/reportes/trazabilidad-lote,SecurityConfig + @PreAuthorize,"hasAnyAuthority(ROL_ALMACENISTA,ROL_JEFE_ALMACENES,ROL_COMPRADOR,ROL_CONTADOR,ROL_ANALISTA_CALIDAD,ROL_JEFE_CALIDAD,ROL_JEFE_PRODUCCION,ROL_PLANEADOR,ROL_SUPER_ADMIN) + @PreAuthorize(""hasAnyAuthority('ROL_ALMACENISTA','ROL_ANALISTA_CALIDAD','ROL_SUPER_ADMIN','ROL_PLANEADOR')",DENY,ALLOW,proteccion duplicada,src/main/java/com/willyes/clemenintegra/inventario/controller/ReporteInventarioController.java,88
Inventario,ReporteInventario,LISTAR/VER,GET /api/reportes/productos-retencion-liberacion,SecurityConfig + @PreAuthorize,"hasAnyAuthority(ROL_ALMACENISTA,ROL_JEFE_ALMACENES,ROL_COMPRADOR,ROL_CONTADOR,ROL_ANALISTA_CALIDAD,ROL_JEFE_CALIDAD,ROL_JEFE_PRODUCCION,ROL_PLANEADOR,ROL_SUPER_ADMIN) + @PreAuthorize(""hasAnyAuthority('ROL_ANALISTA_CALIDAD','ROL_JEFE_CALIDAD','ROL_SUPER_ADMIN')",DENY,DENY,proteccion duplicada,src/main/java/com/willyes/clemenintegra/inventario/controller/ReporteInventarioController.java,101
Inventario,ReporteInventario,LISTAR/VER,GET /api/reportes/no-conformidades,SecurityConfig + @PreAuthorize,"hasAnyAuthority(ROL_ALMACENISTA,ROL_JEFE_ALMACENES,ROL_COMPRADOR,ROL_CONTADOR,ROL_ANALISTA_CALIDAD,ROL_JEFE_CALIDAD,ROL_JEFE_PRODUCCION,ROL_PLANEADOR,ROL_SUPER_ADMIN) + @PreAuthorize(""hasAnyAuthority('ROL_ANALISTA_CALIDAD','ROL_JEFE_CALIDAD','ROL_SUPER_ADMIN')",DENY,DENY,proteccion duplicada,src/main/java/com/willyes/clemenintegra/inventario/controller/ReporteInventarioController.java,118
Inventario,ReporteInventario,LISTAR/VER,GET /api/reportes/capas,SecurityConfig + @PreAuthorize,"hasAnyAuthority(ROL_ALMACENISTA,ROL_JEFE_ALMACENES,ROL_COMPRADOR,ROL_CONTADOR,ROL_ANALISTA_CALIDAD,ROL_JEFE_CALIDAD,ROL_JEFE_PRODUCCION,ROL_PLANEADOR,ROL_SUPER_ADMIN) + @PreAuthorize(""hasAnyAuthority('ROL_ANALISTA_CALIDAD','ROL_JEFE_CALIDAD','ROL_SUPER_ADMIN')",DENY,DENY,proteccion duplicada,src/main/java/com/willyes/clemenintegra/inventario/controller/ReporteInventarioController.java,136
Inventario,ReporteInventario,LISTAR/VER,GET /api/reportes/stock-disponible,SecurityConfig + @PreAuthorize,"hasAnyAuthority(ROL_ALMACENISTA,ROL_JEFE_ALMACENES,ROL_COMPRADOR,ROL_CONTADOR,ROL_ANALISTA_CALIDAD,ROL_JEFE_CALIDAD,ROL_JEFE_PRODUCCION,ROL_PLANEADOR,ROL_SUPER_ADMIN) + @PreAuthorize(""hasAnyAuthority('ROL_JEFE_ALMACENES','ROL_ALMACENISTA','ROL_SUPER_ADMIN','ROL_PLANEADOR','ROL_CONTADOR','INV_REPORTES_EXPORT')",ALLOW,ALLOW,proteccion duplicada,src/main/java/com/willyes/clemenintegra/inventario/controller/ReporteInventarioController.java,153
Inventario,ReservaLoteAdmin,CREAR,POST /api/admin/repair/reservas-lote,SecurityConfig + @PreAuthorize,"authenticated + @PreAuthorize(""hasAuthority('ROL_SUPER_ADMIN')",DENY,DENY,proteccion duplicada,src/main/java/com/willyes/clemenintegra/inventario/controller/ReservaLoteAdminController.java,19
Inventario,SalidaPt,LISTAR/VER,GET /api/inventario/salida-pt/config,SecurityConfig + @PreAuthorize,"authenticated + @PreAuthorize(""hasAnyAuthority('ROL_JEFE_ALMACENES','ROL_ALMACENISTA','ROL_SUPER_ADMIN')",DENY,DENY,proteccion duplicada,src/main/java/com/willyes/clemenintegra/inventario/controller/SalidaPtController.java,34
Inventario,SalidaPt,LISTAR/VER,GET /api/inventario/lotes/pt-disponibles,SecurityConfig + @PreAuthorize,"hasAnyAuthority(ROL_JEFE_ALMACENES,ROL_ALMACENISTA,ROL_JEFE_PRODUCCION,ROL_LIDER_ALIMENTOS,ROL_LIDER_HOMEOPATICOS,ROL_JEFE_CALIDAD,ROL_CONTADOR,ROL_PLANEADOR,ROL_SUPER_ADMIN,INV_LOTES_READ) + @PreAuthorize(""hasAnyAuthority('ROL_JEFE_ALMACENES','ROL_ALMACENISTA','ROL_SUPER_ADMIN')",DENY,DENY,proteccion duplicada,src/main/java/com/willyes/clemenintegra/inventario/controller/SalidaPtController.java,44
Inventario,SalidaPtPicklist,LISTAR/VER,GET /api/inventario/salida-pt/picklist/{id},SecurityConfig + @PreAuthorize,"authenticated + @PreAuthorize(""hasAnyAuthority('ROL_JEFE_ALMACENES','ROL_ALMACENISTA','ROL_SUPER_ADMIN')",DENY,DENY,proteccion duplicada,src/main/java/com/willyes/clemenintegra/inventario/controller/SalidaPtPicklistController.java,25
Inventario,SalidaPtPicklist,LISTAR/VER,GET /api/inventario/salida-pt/picklist/{id}/pdf,SecurityConfig + @PreAuthorize,"authenticated + @PreAuthorize(""hasAnyAuthority('ROL_JEFE_ALMACENES','ROL_ALMACENISTA','ROL_SUPER_ADMIN')",DENY,DENY,proteccion duplicada,src/main/java/com/willyes/clemenintegra/inventario/controller/SalidaPtPicklistController.java,31
Inventario,SalidaPtPicklist,CREAR,POST /api/inventario/salida-pt/picklist/{id}/ejecutar,SecurityConfig + @PreAuthorize,"authenticated + @PreAuthorize(""hasAnyAuthority('ROL_JEFE_ALMACENES','ROL_ALMACENISTA','ROL_SUPER_ADMIN')",DENY,DENY,proteccion duplicada,src/main/java/com/willyes/clemenintegra/inventario/controller/SalidaPtPicklistController.java,41
Inventario,SolicitudMovimiento,LISTAR/VER,GET /api/inventarios/solicitudes/{id},SecurityConfig + @PreAuthorize,"hasAnyAuthority(ROL_ALMACENISTA,ROL_JEFE_ALMACENES,ROL_JEFE_PRODUCCION,ROL_PLANEADOR,ROL_SUPER_ADMIN) + @PreAuthorize(""hasAnyAuthority('ROL_JEFE_ALMACENES','ROL_ALMACENISTA','ROL_PLANEADOR','ROL_SUPER_ADMIN')",DENY,ALLOW,proteccion duplicada,src/main/java/com/willyes/clemenintegra/inventario/controller/SolicitudMovimientoController.java,82
Inventario,SolicitudMovimiento,APROBAR,PUT /api/inventarios/solicitudes/{id}/aprobar,SecurityConfig + @PreAuthorize,"hasAnyAuthority(ROL_ALMACENISTA,ROL_JEFE_ALMACENES,ROL_JEFE_PRODUCCION,ROL_SUPER_ADMIN) + @PreAuthorize(""hasAnyAuthority('ROL_JEFE_ALMACENES','ROL_ALMACENISTA','ROL_SUPER_ADMIN')",DENY,DENY,proteccion duplicada,src/main/java/com/willyes/clemenintegra/inventario/controller/SolicitudMovimientoController.java,88
Inventario,SolicitudMovimiento,RECHAZAR,PUT /api/inventarios/solicitudes/{id}/rechazar,SecurityConfig + @PreAuthorize,"hasAnyAuthority(ROL_ALMACENISTA,ROL_JEFE_ALMACENES,ROL_JEFE_PRODUCCION,ROL_SUPER_ADMIN) + @PreAuthorize(""hasAnyAuthority('ROL_JEFE_ALMACENES','ROL_ALMACENISTA','ROL_SUPER_ADMIN')",DENY,DENY,proteccion duplicada,src/main/java/com/willyes/clemenintegra/inventario/controller/SolicitudMovimientoController.java,98
Inventario,SolicitudMovimiento,EDITAR,PUT /api/inventarios/solicitudes/{id}/revertir-autorizacion,SecurityConfig + @PreAuthorize,"hasAnyAuthority(ROL_ALMACENISTA,ROL_JEFE_ALMACENES,ROL_JEFE_PRODUCCION,ROL_SUPER_ADMIN) + @PreAuthorize(""hasAnyAuthority('ROL_JEFE_ALMACENES','ROL_ALMACENISTA','ROL_SUPER_ADMIN')",DENY,DENY,proteccion duplicada,src/main/java/com/willyes/clemenintegra/inventario/controller/SolicitudMovimientoController.java,106
Inventario,SolicitudMovimiento,CREAR,POST /api/inventarios/solicitudes/{id}/autorizar-todo,SecurityConfig + @PreAuthorize,"hasAnyAuthority(ROL_ALMACENISTA,ROL_JEFE_ALMACENES,ROL_JEFE_PRODUCCION,ROL_SUPER_ADMIN) + @PreAuthorize(""hasAnyAuthority('ROL_JEFE_ALMACENES','ROL_JEFE_PRODUCCION','ROL_SUPER_ADMIN')",DENY,DENY,proteccion duplicada,src/main/java/com/willyes/clemenintegra/inventario/controller/SolicitudMovimientoController.java,116
Inventario,SolicitudPorOrden,LISTAR/VER,GET /api/inventario/solicitudes/por-orden,SecurityConfig + @PreAuthorize,"hasAnyAuthority(ROL_ALMACENISTA,ROL_JEFE_ALMACENES,ROL_JEFE_PRODUCCION,ROL_PLANEADOR,ROL_SUPER_ADMIN) + @PreAuthorize(""hasAnyAuthority('ROL_ALMACENISTA','ROL_JEFE_ALMACENES','ROL_JEFE_PRODUCCION','ROL_PLANEADOR','ROL_SUPER_ADMIN')",DENY,ALLOW,proteccion duplicada,src/main/java/com/willyes/clemenintegra/inventario/controller/SolicitudPorOrdenController.java,37
Inventario,SolicitudPorOrden,LISTAR/VER,GET /api/inventario/solicitudes/orden/{ordenId},SecurityConfig + @PreAuthorize,"hasAnyAuthority(ROL_ALMACENISTA,ROL_JEFE_ALMACENES,ROL_JEFE_PRODUCCION,ROL_PLANEADOR,ROL_SUPER_ADMIN) + @PreAuthorize(""hasAnyAuthority('ROL_ALMACENISTA','ROL_JEFE_ALMACENES','ROL_JEFE_PRODUCCION','ROL_PLANEADOR','ROL_SUPER_ADMIN')",DENY,ALLOW,proteccion duplicada,src/main/java/com/willyes/clemenintegra/inventario/controller/SolicitudPorOrdenController.java,79
Inventario,SolicitudPorOrden,LISTAR/VER,GET /api/inventario/solicitudes/orden/{ordenId}/picklist,SecurityConfig + @PreAuthorize,"hasAnyAuthority(ROL_ALMACENISTA,ROL_JEFE_ALMACENES,ROL_JEFE_PRODUCCION,ROL_PLANEADOR,ROL_SUPER_ADMIN) + @PreAuthorize(""hasAnyAuthority('ROL_ALMACENISTA','ROL_JEFE_ALMACENES','ROL_JEFE_PRODUCCION','ROL_PLANEADOR','ROL_SUPER_ADMIN')",DENY,ALLOW,proteccion duplicada,src/main/java/com/willyes/clemenintegra/inventario/controller/SolicitudPorOrdenController.java,85
Inventario,TipoMovimientoDetalle,ANULAR,DELETE /api/inventario/tipos-movimiento-detalle/{id},SecurityConfig,"hasAnyAuthority(ROL_ALMACENISTA,ROL_JEFE_ALMACENES,ROL_CONTADOR,ROL_COMPRADOR,ROL_JEFE_CALIDAD,ROL_ANALISTA_CALIDAD,ROL_MICROBIOLOGO,ROL_JEFE_PRODUCCION,ROL_PLANEADOR,ROL_SUPER_ADMIN)",ALLOW,ALLOW,cae en /api/** authenticated,src/main/java/com/willyes/clemenintegra/inventario/controller/TipoMovimientoDetalleController.java,35
Inventario,UbicacionFisica,EDITAR,PUT /api/ubicaciones/{id},SecurityConfig + @PreAuthorize,"authenticated + @PreAuthorize(""hasAnyAuthority('ROL_ALMACENISTA','ROL_JEFE_ALMACENES','ROL_SUPER_ADMIN')",DENY,DENY,proteccion duplicada,src/main/java/com/willyes/clemenintegra/inventario/controller/UbicacionFisicaController.java,34
Inventario,UnidadMedida,LISTAR/VER,GET /api/unidades/{id},SecurityConfig,"hasAnyAuthority(ROL_ALMACENISTA,ROL_JEFE_ALMACENES,ROL_CONTADOR,ROL_COMPRADOR,ROL_JEFE_CALIDAD,ROL_ANALISTA_CALIDAD,ROL_MICROBIOLOGO,ROL_JEFE_PRODUCCION,ROL_PLANEADOR,ROL_SUPER_ADMIN)",ALLOW,ALLOW,cae en /api/** authenticated,src/main/java/com/willyes/clemenintegra/inventario/controller/UnidadMedidaController.java,23
Inventario,UnidadMedida,EDITAR,PUT /api/unidades/{id},SecurityConfig,"hasAnyAuthority(ROL_ALMACENISTA,ROL_JEFE_ALMACENES,ROL_CONTADOR,ROL_COMPRADOR,ROL_JEFE_CALIDAD,ROL_ANALISTA_CALIDAD,ROL_MICROBIOLOGO,ROL_JEFE_PRODUCCION,ROL_PLANEADOR,ROL_SUPER_ADMIN)",ALLOW,ALLOW,cae en /api/** authenticated,src/main/java/com/willyes/clemenintegra/inventario/controller/UnidadMedidaController.java,34
Inventario,UnidadMedida,ANULAR,DELETE /api/unidades/{id},SecurityConfig,"hasAnyAuthority(ROL_ALMACENISTA,ROL_JEFE_ALMACENES,ROL_CONTADOR,ROL_COMPRADOR,ROL_JEFE_CALIDAD,ROL_ANALISTA_CALIDAD,ROL_MICROBIOLOGO,ROL_JEFE_PRODUCCION,ROL_PLANEADOR,ROL_SUPER_ADMIN)",ALLOW,ALLOW,cae en /api/** authenticated,src/main/java/com/willyes/clemenintegra/inventario/controller/UnidadMedidaController.java,41
Produccion,AlistamientoProduccion,LISTAR/VER,GET /api/produccion/ordenes/{id}/alistamiento,SecurityConfig + @PreAuthorize,"hasAnyAuthority(ROL_JEFE_PRODUCCION,ROL_LIDER_ALIMENTOS,ROL_LIDER_HOMEOPATICOS,ROL_JEFE_CALIDAD,ROL_PLANEADOR,ROL_SUPER_ADMIN) + @PreAuthorize(""hasAnyAuthority('ROL_JEFE_PRODUCCION','ROL_JEFE_ALMACENES','ROL_ALMACENISTA','ROL_SUPER_ADMIN')",DENY,DENY,proteccion duplicada,src/main/java/com/willyes/clemenintegra/produccion/controller/AlistamientoProduccionController.java,18
Produccion,BatchRecord,LISTAR/VER,GET /api/produccion/batch-record/{ordenProduccionId}/pdf,SecurityConfig + @PreAuthorize,"hasAnyAuthority(ROL_JEFE_PRODUCCION,ROL_LIDER_ALIMENTOS,ROL_LIDER_HOMEOPATICOS,ROL_JEFE_CALIDAD,ROL_PLANEADOR,ROL_SUPER_ADMIN) + @PreAuthorize(""hasAnyAuthority('PROD_BATCH_RECORD_EXPORT','ROL_JEFE_PRODUCCION','ROL_JEFE_CALIDAD','ROL_PLANEADOR','ROL_SUPER_ADMIN')",DENY,ALLOW,proteccion duplicada,src/main/java/com/willyes/clemenintegra/produccion/controller/BatchRecordController.java,145
Produccion,BatchRecord,CREAR,POST /api/produccion/calidad/batch-record/{ordenProduccionId}/decision,SecurityConfig + @PreAuthorize,"hasAnyAuthority(ROL_JEFE_CALIDAD,ROL_ANALISTA_CALIDAD,ROL_MICROBIOLOGO,ROL_SUPER_ADMIN) + @PreAuthorize(""hasAnyAuthority('PROD_BATCH_RECORD_DECIDE','ROL_JEFE_CALIDAD','ROL_SUPER_ADMIN')",DENY,DENY,proteccion duplicada,src/main/java/com/willyes/clemenintegra/produccion/controller/BatchRecordController.java,165
Produccion,ChecklistEtapaTemplate,LISTAR/VER,GET /api/produccion/plantillas-etapas/{etapaPlantillaId}/checklist,SecurityConfig + @PreAuthorize,"hasAnyAuthority(ROL_JEFE_PRODUCCION,ROL_LIDER_ALIMENTOS,ROL_LIDER_HOMEOPATICOS,ROL_PLANEADOR,ROL_SUPER_ADMIN) + @PreAuthorize(""hasAnyAuthority('ROL_JEFE_PRODUCCION','ROL_SUPER_ADMIN')",DENY,DENY,proteccion duplicada,src/main/java/com/willyes/clemenintegra/produccion/controller/ChecklistEtapaTemplateController.java,20
Produccion,ChecklistEtapaTemplate,CREAR,POST /api/produccion/plantillas-etapas/{etapaPlantillaId}/checklist,SecurityConfig + @PreAuthorize,"hasAnyAuthority(ROL_JEFE_PRODUCCION,ROL_LIDER_ALIMENTOS,ROL_LIDER_HOMEOPATICOS,ROL_PLANEADOR,ROL_SUPER_ADMIN) + @PreAuthorize(""hasAnyAuthority('ROL_JEFE_PRODUCCION','ROL_LIDER_ALIMENTOS','ROL_LIDER_HOMEOPATICOS','ROL_SUPER_ADMIN')",DENY,DENY,proteccion duplicada,src/main/java/com/willyes/clemenintegra/produccion/controller/ChecklistEtapaTemplateController.java,26
Produccion,ChecklistEtapaTemplate,EDITAR,PUT /api/produccion/checklist-template/{id},SecurityConfig + @PreAuthorize,"hasAnyAuthority(ROL_JEFE_PRODUCCION,ROL_LIDER_ALIMENTOS,ROL_LIDER_HOMEOPATICOS,ROL_PLANEADOR,ROL_SUPER_ADMIN) + @PreAuthorize(""hasAnyAuthority('ROL_JEFE_PRODUCCION','ROL_LIDER_ALIMENTOS','ROL_LIDER_HOMEOPATICOS','ROL_SUPER_ADMIN')",DENY,DENY,proteccion duplicada,src/main/java/com/willyes/clemenintegra/produccion/controller/ChecklistEtapaTemplateController.java,33
Produccion,ChecklistEtapaTemplate,ANULAR,DELETE /api/produccion/checklist-template/{id},SecurityConfig + @PreAuthorize,"hasAnyAuthority(ROL_JEFE_PRODUCCION,ROL_LIDER_ALIMENTOS,ROL_LIDER_HOMEOPATICOS,ROL_PLANEADOR,ROL_SUPER_ADMIN) + @PreAuthorize(""hasAnyAuthority('ROL_JEFE_PRODUCCION','ROL_LIDER_ALIMENTOS','ROL_LIDER_HOMEOPATICOS','ROL_SUPER_ADMIN')",DENY,DENY,proteccion duplicada,src/main/java/com/willyes/clemenintegra/produccion/controller/ChecklistEtapaTemplateController.java,40
Produccion,ChecklistEtapaTemplate,CREAR,POST /api/produccion/plantillas-etapas/{etapaPlantillaId}/checklist/copiar-desde,SecurityConfig + @PreAuthorize,"hasAnyAuthority(ROL_JEFE_PRODUCCION,ROL_LIDER_ALIMENTOS,ROL_LIDER_HOMEOPATICOS,ROL_PLANEADOR,ROL_SUPER_ADMIN) + @PreAuthorize(""hasAnyAuthority('ROL_JEFE_PRODUCCION','ROL_LIDER_ALIMENTOS','ROL_LIDER_HOMEOPATICOS','ROL_SUPER_ADMIN')",DENY,DENY,proteccion duplicada,src/main/java/com/willyes/clemenintegra/produccion/controller/ChecklistEtapaTemplateController.java,47
Produccion,ControlCalidadProceso,LISTAR/VER,GET /api/produccion/calidad/{id},SecurityConfig + @PreAuthorize,"hasAnyAuthority(ROL_JEFE_CALIDAD,ROL_ANALISTA_CALIDAD,ROL_MICROBIOLOGO,ROL_SUPER_ADMIN) + @PreAuthorize(""hasAnyAuthority('ROL_JEFE_CALIDAD','ROL_ANALISTA_CALIDAD','ROL_MICROBIOLOGO','ROL_SUPER_ADMIN')",DENY,DENY,proteccion duplicada,src/main/java/com/willyes/clemenintegra/produccion/controller/ControlCalidadProcesoController.java,32
Produccion,ControlCalidadProceso,EDITAR,PUT /api/produccion/calidad/{id},SecurityConfig + @PreAuthorize,"hasAnyAuthority(ROL_JEFE_CALIDAD,ROL_ANALISTA_CALIDAD,ROL_MICROBIOLOGO,ROL_SUPER_ADMIN) + @PreAuthorize(""hasAnyAuthority('ROL_JEFE_CALIDAD','ROL_SUPER_ADMIN')",DENY,DENY,proteccion duplicada,src/main/java/com/willyes/clemenintegra/produccion/controller/ControlCalidadProcesoController.java,53
Produccion,ControlCalidadProceso,ANULAR,DELETE /api/produccion/calidad/{id},SecurityConfig + @PreAuthorize,"hasAnyAuthority(ROL_JEFE_CALIDAD,ROL_ANALISTA_CALIDAD,ROL_MICROBIOLOGO,ROL_SUPER_ADMIN) + @PreAuthorize(""hasAnyAuthority('ROL_JEFE_CALIDAD','ROL_SUPER_ADMIN')",DENY,DENY,proteccion duplicada,src/main/java/com/willyes/clemenintegra/produccion/controller/ControlCalidadProcesoController.java,70
Produccion,EtapaPlantilla,LISTAR/VER,GET /api/produccion/plantillas/{productoId},SecurityConfig + @PreAuthorize,"hasAnyAuthority(ROL_JEFE_PRODUCCION,ROL_LIDER_ALIMENTOS,ROL_LIDER_HOMEOPATICOS,ROL_PLANEADOR,ROL_SUPER_ADMIN) + @PreAuthorize(""hasAnyAuthority('ROL_JEFE_PRODUCCION','ROL_SUPER_ADMIN')",DENY,DENY,proteccion duplicada,src/main/java/com/willyes/clemenintegra/produccion/controller/EtapaPlantillaController.java,21
Produccion,EtapaPlantilla,CREAR,POST /api/produccion/plantillas/{productoId},SecurityConfig + @PreAuthorize,"hasAnyAuthority(ROL_JEFE_PRODUCCION,ROL_LIDER_ALIMENTOS,ROL_LIDER_HOMEOPATICOS,ROL_PLANEADOR,ROL_SUPER_ADMIN) + @PreAuthorize(""hasAnyAuthority('ROL_JEFE_PRODUCCION','ROL_LIDER_ALIMENTOS','ROL_LIDER_HOMEOPATICOS','ROL_SUPER_ADMIN')",DENY,DENY,proteccion duplicada,src/main/java/com/willyes/clemenintegra/produccion/controller/EtapaPlantillaController.java,29
Produccion,EtapaPlantilla,EDITAR,PUT /api/produccion/plantillas/{id},SecurityConfig + @PreAuthorize,"hasAnyAuthority(ROL_JEFE_PRODUCCION,ROL_LIDER_ALIMENTOS,ROL_LIDER_HOMEOPATICOS,ROL_PLANEADOR,ROL_SUPER_ADMIN) + @PreAuthorize(""hasAnyAuthority('ROL_JEFE_PRODUCCION','ROL_SUPER_ADMIN')",DENY,DENY,proteccion duplicada,src/main/java/com/willyes/clemenintegra/produccion/controller/EtapaPlantillaController.java,40
Produccion,EtapaPlantilla,ANULAR,DELETE /api/produccion/plantillas/{id},SecurityConfig + @PreAuthorize,"hasAnyAuthority(ROL_JEFE_PRODUCCION,ROL_LIDER_ALIMENTOS,ROL_LIDER_HOMEOPATICOS,ROL_PLANEADOR,ROL_SUPER_ADMIN) + @PreAuthorize(""hasAnyAuthority('ROL_JEFE_PRODUCCION','ROL_SUPER_ADMIN')",DENY,DENY,proteccion duplicada,src/main/java/com/willyes/clemenintegra/produccion/controller/EtapaPlantillaController.java,48
Produccion,EtapaPlantilla,EDITAR,PATCH /api/produccion/plantillas/{productoId}/reordenar,SecurityConfig + @PreAuthorize,"hasAnyAuthority(ROL_JEFE_PRODUCCION,ROL_LIDER_ALIMENTOS,ROL_LIDER_HOMEOPATICOS,ROL_PLANEADOR,ROL_SUPER_ADMIN) + @PreAuthorize(""hasAnyAuthority('ROL_JEFE_PRODUCCION','ROL_SUPER_ADMIN')",DENY,DENY,proteccion duplicada,src/main/java/com/willyes/clemenintegra/produccion/controller/EtapaPlantillaController.java,55
Produccion,EtapaPlantilla,LISTAR/VER,GET /api/produccion/plantillas/{productoId}/preview,SecurityConfig + @PreAuthorize,"hasAnyAuthority(ROL_JEFE_PRODUCCION,ROL_LIDER_ALIMENTOS,ROL_LIDER_HOMEOPATICOS,ROL_PLANEADOR,ROL_SUPER_ADMIN) + @PreAuthorize(""hasAnyAuthority('ROL_JEFE_PRODUCCION','ROL_SUPER_ADMIN')",DENY,DENY,proteccion duplicada,src/main/java/com/willyes/clemenintegra/produccion/controller/EtapaPlantillaController.java,63
Produccion,EtapaProduccion,EDITAR,PUT /api/produccion/etapas/{id},SecurityConfig + @PreAuthorize,"hasAnyAuthority(ROL_JEFE_PRODUCCION,ROL_LIDER_ALIMENTOS,ROL_LIDER_HOMEOPATICOS,ROL_PLANEADOR,ROL_SUPER_ADMIN) + @PreAuthorize(""hasAnyAuthority('PROD_OP_EDIT','ROL_JEFE_PRODUCCION','ROL_SUPER_ADMIN')",DENY,DENY,proteccion duplicada,src/main/java/com/willyes/clemenintegra/produccion/controller/EtapaProduccionController.java,49
Produccion,EtapaProduccion,ANULAR,DELETE /api/produccion/etapas/{id},SecurityConfig + @PreAuthorize,"hasAnyAuthority(ROL_JEFE_PRODUCCION,ROL_LIDER_ALIMENTOS,ROL_LIDER_HOMEOPATICOS,ROL_PLANEADOR,ROL_SUPER_ADMIN) + @PreAuthorize(""hasAnyAuthority('PROD_OP_EDIT','ROL_JEFE_PRODUCCION','ROL_SUPER_ADMIN')",DENY,DENY,proteccion duplicada,src/main/java/com/willyes/clemenintegra/produccion/controller/EtapaProduccionController.java,62
Produccion,OrdenProduccion,EDITAR,PUT /api/produccion/ordenes/{id},SecurityConfig + @PreAuthorize,"hasAnyAuthority(ROL_JEFE_PRODUCCION,ROL_LIDER_ALIMENTOS,ROL_LIDER_HOMEOPATICOS,ROL_PLANEADOR,ROL_SUPER_ADMIN) + @PreAuthorize(""hasAnyAuthority('PROD_OP_EDIT','ROL_JEFE_PRODUCCION','ROL_SUPER_ADMIN')",DENY,DENY,proteccion duplicada,src/main/java/com/willyes/clemenintegra/produccion/controller/OrdenProduccionController.java,121
Produccion,OrdenProduccion,ANULAR,DELETE /api/produccion/ordenes/{id},SecurityConfig + @PreAuthorize,"hasAnyAuthority(ROL_JEFE_PRODUCCION,ROL_LIDER_ALIMENTOS,ROL_LIDER_HOMEOPATICOS,ROL_PLANEADOR,ROL_SUPER_ADMIN) + @PreAuthorize(""hasAnyAuthority('PROD_OP_EDIT','ROL_JEFE_PRODUCCION','ROL_SUPER_ADMIN')",DENY,DENY,proteccion duplicada,src/main/java/com/willyes/clemenintegra/produccion/controller/OrdenProduccionController.java,138
Produccion,OrdenProduccion,CREAR,POST /api/produccion/ordenes/{id}/etapas/clonar,SecurityConfig + @PreAuthorize,"hasAnyAuthority(ROL_JEFE_PRODUCCION,ROL_LIDER_ALIMENTOS,ROL_LIDER_HOMEOPATICOS,ROL_PLANEADOR,ROL_SUPER_ADMIN) + @PreAuthorize(""hasAnyAuthority('PROD_ETAPA_CLONE','ROL_JEFE_PRODUCCION','ROL_SUPER_ADMIN')",DENY,DENY,proteccion duplicada,src/main/java/com/willyes/clemenintegra/produccion/controller/OrdenProduccionController.java,188
Produccion,OrdenProduccion,CREAR,POST /api/produccion/ordenes/{ordenId}/etapas/{etapaId}/checklist/{itemId}/reabrir,SecurityConfig + @PreAuthorize,"hasAnyAuthority(ROL_JEFE_PRODUCCION,ROL_LIDER_ALIMENTOS,ROL_LIDER_HOMEOPATICOS,ROL_PLANEADOR,ROL_SUPER_ADMIN) + @PreAuthorize(""hasAnyAuthority('PROD_ETAPA_CHECKLIST_WRITE','ROL_JEFE_PRODUCCION','ROL_SUPER_ADMIN')",DENY,DENY,proteccion duplicada,src/main/java/com/willyes/clemenintegra/produccion/controller/OrdenProduccionController.java,289
Produccion,OrdenProduccion,CREAR,POST /api/produccion/ordenes/{ordenId}/backfill-salida,SecurityConfig + @PreAuthorize,"hasAnyAuthority(ROL_JEFE_PRODUCCION,ROL_LIDER_ALIMENTOS,ROL_LIDER_HOMEOPATICOS,ROL_PLANEADOR,ROL_SUPER_ADMIN) + @PreAuthorize(""hasAnyAuthority('PROD_OP_WORKFLOW_FINALIZE','ROL_SUPER_ADMIN','ROL_JEFE_PRODUCCION')",DENY,DENY,proteccion duplicada,src/main/java/com/willyes/clemenintegra/produccion/controller/OrdenProduccionController.java,305
Produccion,Produccion,LISTAR/VER,GET /api/produccion/registro/{id},SecurityConfig,"hasAnyAuthority(ROL_JEFE_PRODUCCION,ROL_LIDER_ALIMENTOS,ROL_LIDER_HOMEOPATICOS,ROL_PLANEADOR,ROL_SUPER_ADMIN)",DENY,ALLOW,cae en /api/** authenticated,src/main/java/com/willyes/clemenintegra/produccion/controller/ProduccionController.java,38
Produccion,Produccion,ANULAR,DELETE /api/produccion/registro/{id},SecurityConfig + @PreAuthorize,"hasAnyAuthority(ROL_JEFE_PRODUCCION,ROL_LIDER_ALIMENTOS,ROL_LIDER_HOMEOPATICOS,ROL_PLANEADOR,ROL_SUPER_ADMIN) + @PreAuthorize(""hasAnyAuthority('ROL_JEFE_PRODUCCION','ROL_SUPER_ADMIN')",DENY,DENY,proteccion duplicada,src/main/java/com/willyes/clemenintegra/produccion/controller/ProduccionController.java,46
Produccion,ProduccionReportes,LISTAR/VER,GET /api/produccion/ordenes/{id}/batch-record/pdf,SecurityConfig + @PreAuthorize,"hasAnyAuthority(ROL_JEFE_PRODUCCION,ROL_LIDER_ALIMENTOS,ROL_LIDER_HOMEOPATICOS,ROL_JEFE_CALIDAD,ROL_PLANEADOR,ROL_SUPER_ADMIN) + @PreAuthorize(""hasAnyAuthority('PROD_BATCH_RECORD_EXPORT','ROL_JEFE_PRODUCCION','ROL_JEFE_CALIDAD','ROL_PLANEADOR','ROL_SUPER_ADMIN')",DENY,ALLOW,proteccion duplicada,src/main/java/com/willyes/clemenintegra/produccion/controller/ProduccionReportesController.java,41
Calidad,CalidadAuditoria,LISTAR/VER,GET /api/calidad/auditoria-lote/{loteId},SecurityConfig + @PreAuthorize,"hasAnyAuthority(ROL_JEFE_CALIDAD,ROL_ANALISTA_CALIDAD,ROL_MICROBIOLOGO,ROL_PLANEADOR,ROL_CONTADOR,ROL_SUPER_ADMIN) + @PreAuthorize(""hasAnyAuthority('ROL_JEFE_CALIDAD','ROL_ANALISTA_CALIDAD','ROL_MICROBIOLOGO','ROL_PLANEADOR','ROL_SUPER_ADMIN')",DENY,ALLOW,proteccion duplicada,src/main/java/com/willyes/clemenintegra/calidad/controller/CalidadAuditoriaController.java,26
Calidad,Capa,LISTAR/VER,GET /api/calidad/capas/{id},SecurityConfig,"hasAnyAuthority(ROL_JEFE_CALIDAD,ROL_SUPER_ADMIN,CONTROL_DOCUMENTAL_WRITE)",DENY,DENY,cae en /api/** authenticated,src/main/java/com/willyes/clemenintegra/calidad/controller/CapaController.java,40
Calidad,Capa,CREAR,POST /api/calidad/capas,SecurityConfig,"hasAnyAuthority(ROL_JEFE_CALIDAD,ROL_SUPER_ADMIN)",DENY,DENY,cae en /api/** authenticated,src/main/java/com/willyes/clemenintegra/calidad/controller/CapaController.java,46
Calidad,Capa,EDITAR,PUT /api/calidad/capas/{id},SecurityConfig,"hasAnyAuthority(ROL_JEFE_CALIDAD,ROL_SUPER_ADMIN)",DENY,DENY,cae en /api/** authenticated,src/main/java/com/willyes/clemenintegra/calidad/controller/CapaController.java,52
Calidad,Capa,EDITAR,PATCH /api/calidad/capas/{id}/cerrar,SecurityConfig,"hasAnyAuthority(ROL_JEFE_CALIDAD,ROL_SUPER_ADMIN)",DENY,DENY,cae en /api/** authenticated,src/main/java/com/willyes/clemenintegra/calidad/controller/CapaController.java,58
Calidad,Capa,CREAR,POST /api/calidad/capas/{id}/archivos,SecurityConfig,"hasAnyAuthority(ROL_JEFE_CALIDAD,ROL_SUPER_ADMIN)",DENY,DENY,cae en /api/** authenticated,src/main/java/com/willyes/clemenintegra/calidad/controller/CapaController.java,64
Calidad,Capa,LISTAR/VER,GET /api/calidad/capas/{id}/archivos,SecurityConfig,"hasAnyAuthority(ROL_JEFE_CALIDAD,ROL_SUPER_ADMIN,CONTROL_DOCUMENTAL_WRITE)",DENY,DENY,cae en /api/** authenticated,src/main/java/com/willyes/clemenintegra/calidad/controller/CapaController.java,75
Calidad,Capa,LISTAR/VER,GET /api/calidad/capas/{capaId}/archivos/{archivoId}/descargar,SecurityConfig,"hasAnyAuthority(ROL_JEFE_CALIDAD,ROL_SUPER_ADMIN,CONTROL_DOCUMENTAL_WRITE)",DENY,DENY,cae en /api/** authenticated,src/main/java/com/willyes/clemenintegra/calidad/controller/CapaController.java,81
Calidad,Capa,ANULAR,DELETE /api/calidad/capas/{id},SecurityConfig,"hasAnyAuthority(ROL_JEFE_CALIDAD,ROL_SUPER_ADMIN)",DENY,DENY,cae en /api/** authenticated,src/main/java/com/willyes/clemenintegra/calidad/controller/CapaController.java,94
Calidad,ChecklistCalidad,LISTAR/VER,GET /api/calidad/checklists/{id},SecurityConfig,"hasAnyAuthority(ROL_JEFE_CALIDAD,ROL_SUPER_ADMIN,ROL_ANALISTA_CALIDAD,ROL_MICROBIOLOGO,ROL_JEFE_PRODUCCION)",DENY,DENY,cae en /api/** authenticated,src/main/java/com/willyes/clemenintegra/calidad/controller/ChecklistCalidadController.java,25
Calidad,ChecklistCalidad,EDITAR,PUT /api/calidad/checklists/{id},SecurityConfig,"hasAnyAuthority(ROL_JEFE_CALIDAD,ROL_SUPER_ADMIN,ROL_ANALISTA_CALIDAD,ROL_MICROBIOLOGO,ROL_JEFE_PRODUCCION)",DENY,DENY,cae en /api/** authenticated,src/main/java/com/willyes/clemenintegra/calidad/controller/ChecklistCalidadController.java,35
Calidad,ChecklistCalidad,ANULAR,DELETE /api/calidad/checklists/{id},SecurityConfig,"hasAnyAuthority(ROL_JEFE_CALIDAD,ROL_SUPER_ADMIN,ROL_ANALISTA_CALIDAD,ROL_MICROBIOLOGO,ROL_JEFE_PRODUCCION)",DENY,DENY,cae en /api/** authenticated,src/main/java/com/willyes/clemenintegra/calidad/controller/ChecklistCalidadController.java,40
Calidad,DocumentoCalidad,CREAR,POST /api/calidad/documentos/{id}/versiones,SecurityConfig + @PreAuthorize,"hasAnyAuthority(ROL_JEFE_CALIDAD,ROL_SUPER_ADMIN,ROL_ANALISTA_CALIDAD,ROL_MICROBIOLOGO,ROL_JEFE_PRODUCCION) + @PreAuthorize(""hasAnyAuthority('ROL_JEFE_CALIDAD','ROL_SUPER_ADMIN')",DENY,DENY,proteccion duplicada,src/main/java/com/willyes/clemenintegra/calidad/controller/DocumentoCalidadController.java,51
Calidad,DocumentoCalidad,LISTAR/VER,GET /api/calidad/documentos/{id}/versiones,SecurityConfig + @PreAuthorize,"hasAnyAuthority(ROL_JEFE_CALIDAD,ROL_SUPER_ADMIN,ROL_ANALISTA_CALIDAD,ROL_MICROBIOLOGO,ROL_JEFE_PRODUCCION) + @PreAuthorize(""hasAnyAuthority('ROL_JEFE_CALIDAD','ROL_ANALISTA_CALIDAD','ROL_MICROBIOLOGO','ROL_SUPER_ADMIN')",DENY,DENY,proteccion duplicada,src/main/java/com/willyes/clemenintegra/calidad/controller/DocumentoCalidadController.java,62
Calidad,DocumentoCalidad,LISTAR/VER,GET /api/calidad/documentos/versiones/{versionId}/download,SecurityConfig + @PreAuthorize,"hasAnyAuthority(ROL_JEFE_CALIDAD,ROL_SUPER_ADMIN,ROL_ANALISTA_CALIDAD,ROL_MICROBIOLOGO,ROL_JEFE_PRODUCCION) + @PreAuthorize(""hasAnyAuthority('ROL_JEFE_CALIDAD','ROL_ANALISTA_CALIDAD','ROL_MICROBIOLOGO','ROL_SUPER_ADMIN')",DENY,DENY,proteccion duplicada,src/main/java/com/willyes/clemenintegra/calidad/controller/DocumentoCalidadController.java,68
Calidad,DocumentoCalidad,EDITAR,PATCH /api/calidad/documentos/{id}/obsoletar,SecurityConfig + @PreAuthorize,"hasAnyAuthority(ROL_JEFE_CALIDAD,ROL_SUPER_ADMIN,ROL_ANALISTA_CALIDAD,ROL_MICROBIOLOGO,ROL_JEFE_PRODUCCION) + @PreAuthorize(""hasAnyAuthority('ROL_JEFE_CALIDAD','ROL_SUPER_ADMIN')",DENY,DENY,proteccion duplicada,src/main/java/com/willyes/clemenintegra/calidad/controller/DocumentoCalidadController.java,81
Calidad,EspecificacionCalidad,LISTAR/VER,GET /api/calidad/especificaciones/{id},SecurityConfig,"hasAnyAuthority(ROL_JEFE_CALIDAD,ROL_SUPER_ADMIN,ROL_ANALISTA_CALIDAD,ROL_MICROBIOLOGO,ROL_JEFE_PRODUCCION)",DENY,DENY,cae en /api/** authenticated,src/main/java/com/willyes/clemenintegra/calidad/controller/EspecificacionCalidadController.java,24
Calidad,EspecificacionCalidad,EDITAR,PUT /api/calidad/especificaciones/{id},SecurityConfig,"hasAnyAuthority(ROL_JEFE_CALIDAD,ROL_SUPER_ADMIN,ROL_ANALISTA_CALIDAD,ROL_MICROBIOLOGO,ROL_JEFE_PRODUCCION)",DENY,DENY,cae en /api/** authenticated,src/main/java/com/willyes/clemenintegra/calidad/controller/EspecificacionCalidadController.java,34
Calidad,EspecificacionCalidad,ANULAR,DELETE /api/calidad/especificaciones/{id},SecurityConfig,"hasAnyAuthority(ROL_JEFE_CALIDAD,ROL_SUPER_ADMIN,ROL_ANALISTA_CALIDAD,ROL_MICROBIOLOGO,ROL_JEFE_PRODUCCION)",DENY,DENY,cae en /api/** authenticated,src/main/java/com/willyes/clemenintegra/calidad/controller/EspecificacionCalidadController.java,40
Calidad,EspecificacionesCalidad,LISTAR/VER,GET /api/calidad/especificaciones/producto/{productoId}/fisico-quimicas,SecurityConfig + @PreAuthorize,"hasAnyAuthority(ROL_JEFE_CALIDAD,ROL_SUPER_ADMIN,ROL_ANALISTA_CALIDAD,ROL_MICROBIOLOGO,ROL_JEFE_PRODUCCION) + @PreAuthorize(""hasAnyAuthority('ROL_JEFE_CALIDAD','ROL_ANALISTA_CALIDAD','ROL_MICROBIOLOGO','ROL_JEFE_PRODUCCION','ROL_SUPER_ADMIN')",DENY,DENY,proteccion duplicada,src/main/java/com/willyes/clemenintegra/calidad/controller/EspecificacionesCalidadController.java,17
Calidad,EspecificacionesCalidad,CREAR,POST /api/calidad/especificaciones/producto/{productoId}/fisico-quimicas,SecurityConfig + @PreAuthorize,"hasAnyAuthority(ROL_JEFE_CALIDAD,ROL_SUPER_ADMIN,ROL_ANALISTA_CALIDAD,ROL_MICROBIOLOGO,ROL_JEFE_PRODUCCION) + @PreAuthorize(""hasAnyAuthority('ROL_JEFE_CALIDAD','ROL_ANALISTA_CALIDAD','ROL_MICROBIOLOGO','ROL_SUPER_ADMIN')",DENY,DENY,proteccion duplicada,src/main/java/com/willyes/clemenintegra/calidad/controller/EspecificacionesCalidadController.java,23
Calidad,EspecificacionesCalidad,EDITAR,PUT /api/calidad/especificaciones/fisico-quimicas/{id},SecurityConfig + @PreAuthorize,"hasAnyAuthority(ROL_JEFE_CALIDAD,ROL_SUPER_ADMIN,ROL_ANALISTA_CALIDAD,ROL_MICROBIOLOGO,ROL_JEFE_PRODUCCION) + @PreAuthorize(""hasAnyAuthority('ROL_JEFE_CALIDAD','ROL_ANALISTA_CALIDAD','ROL_MICROBIOLOGO','ROL_SUPER_ADMIN')",DENY,DENY,proteccion duplicada,src/main/java/com/willyes/clemenintegra/calidad/controller/EspecificacionesCalidadController.java,31
Calidad,EspecificacionesCalidad,ANULAR,DELETE /api/calidad/especificaciones/fisico-quimicas/{id},SecurityConfig + @PreAuthorize,"hasAnyAuthority(ROL_JEFE_CALIDAD,ROL_SUPER_ADMIN,ROL_ANALISTA_CALIDAD,ROL_MICROBIOLOGO,ROL_JEFE_PRODUCCION) + @PreAuthorize(""hasAnyAuthority('ROL_JEFE_CALIDAD','ROL_ANALISTA_CALIDAD','ROL_MICROBIOLOGO','ROL_SUPER_ADMIN')",DENY,DENY,proteccion duplicada,src/main/java/com/willyes/clemenintegra/calidad/controller/EspecificacionesCalidadController.java,39
Calidad,EspecificacionesCalidad,LISTAR/VER,GET /api/calidad/especificaciones/producto/{productoId}/micro,SecurityConfig + @PreAuthorize,"hasAnyAuthority(ROL_JEFE_CALIDAD,ROL_SUPER_ADMIN,ROL_ANALISTA_CALIDAD,ROL_MICROBIOLOGO,ROL_JEFE_PRODUCCION) + @PreAuthorize(""hasAnyAuthority('ROL_JEFE_CALIDAD','ROL_ANALISTA_CALIDAD','ROL_MICROBIOLOGO','ROL_JEFE_PRODUCCION','ROL_SUPER_ADMIN')",DENY,DENY,proteccion duplicada,src/main/java/com/willyes/clemenintegra/calidad/controller/EspecificacionesCalidadController.java,46
Calidad,EspecificacionesCalidad,LISTAR/VER,GET /api/calidad/especificaciones/micro/{plantillaId},SecurityConfig + @PreAuthorize,"hasAnyAuthority(ROL_JEFE_CALIDAD,ROL_SUPER_ADMIN,ROL_ANALISTA_CALIDAD,ROL_MICROBIOLOGO,ROL_JEFE_PRODUCCION) + @PreAuthorize(""hasAnyAuthority('ROL_JEFE_CALIDAD','ROL_ANALISTA_CALIDAD','ROL_MICROBIOLOGO','ROL_JEFE_PRODUCCION','ROL_SUPER_ADMIN')",DENY,DENY,proteccion duplicada,src/main/java/com/willyes/clemenintegra/calidad/controller/EspecificacionesCalidadController.java,52
Calidad,EspecificacionesCalidad,CREAR,POST /api/calidad/especificaciones/producto/{productoId}/micro,SecurityConfig + @PreAuthorize,"hasAnyAuthority(ROL_JEFE_CALIDAD,ROL_SUPER_ADMIN,ROL_ANALISTA_CALIDAD,ROL_MICROBIOLOGO,ROL_JEFE_PRODUCCION) + @PreAuthorize(""hasAnyAuthority('ROL_JEFE_CALIDAD','ROL_ANALISTA_CALIDAD','ROL_MICROBIOLOGO','ROL_SUPER_ADMIN')",DENY,DENY,proteccion duplicada,src/main/java/com/willyes/clemenintegra/calidad/controller/EspecificacionesCalidadController.java,58
Calidad,EspecificacionesCalidad,CREAR,POST /api/calidad/especificaciones/micro/{plantillaId}/clonar-como-nueva-version,SecurityConfig + @PreAuthorize,"hasAnyAuthority(ROL_JEFE_CALIDAD,ROL_SUPER_ADMIN,ROL_ANALISTA_CALIDAD,ROL_MICROBIOLOGO,ROL_JEFE_PRODUCCION) + @PreAuthorize(""hasAnyAuthority('ROL_JEFE_CALIDAD','ROL_ANALISTA_CALIDAD','ROL_MICROBIOLOGO','ROL_SUPER_ADMIN')",DENY,DENY,proteccion duplicada,src/main/java/com/willyes/clemenintegra/calidad/controller/EspecificacionesCalidadController.java,66
Calidad,EvaluacionCalidad,LISTAR/VER,GET /api/calidad/evaluaciones/consolidadas,SecurityConfig + @PreAuthorize,"hasAnyAuthority(ROL_JEFE_CALIDAD,ROL_SUPER_ADMIN,ROL_ANALISTA_CALIDAD,ROL_MICROBIOLOGO,ROL_JEFE_PRODUCCION) + @PreAuthorize(""hasAnyAuthority('ROL_JEFE_CALIDAD','ROL_ANALISTA_CALIDAD','ROL_MICROBIOLOGO','ROL_SUPER_ADMIN')",DENY,DENY,proteccion duplicada,src/main/java/com/willyes/clemenintegra/calidad/controller/EvaluacionCalidadController.java,46
Calidad,EvaluacionCalidad,LISTAR/VER,GET /api/calidad/evaluaciones/evaluaciones,SecurityConfig + @PreAuthorize,"hasAnyAuthority(ROL_JEFE_CALIDAD,ROL_SUPER_ADMIN,ROL_ANALISTA_CALIDAD,ROL_MICROBIOLOGO,ROL_JEFE_PRODUCCION) + @PreAuthorize(""hasAnyAuthority('ROL_JEFE_CALIDAD','ROL_ANALISTA_CALIDAD','ROL_MICROBIOLOGO','ROL_SUPER_ADMIN')",DENY,DENY,proteccion duplicada,src/main/java/com/willyes/clemenintegra/calidad/controller/EvaluacionCalidadController.java,65
Calidad,EvaluacionCalidad,LISTAR/VER,GET /api/calidad/evaluaciones/{id},SecurityConfig + @PreAuthorize,"hasAnyAuthority(ROL_JEFE_CALIDAD,ROL_SUPER_ADMIN,ROL_ANALISTA_CALIDAD,ROL_MICROBIOLOGO,ROL_JEFE_PRODUCCION) + @PreAuthorize(""hasAnyAuthority('ROL_JEFE_CALIDAD','ROL_ANALISTA_CALIDAD','ROL_MICROBIOLOGO','ROL_SUPER_ADMIN')",DENY,DENY,proteccion duplicada,src/main/java/com/willyes/clemenintegra/calidad/controller/EvaluacionCalidadController.java,73
Calidad,EvaluacionCalidad,LISTAR/VER,GET /api/calidad/evaluaciones/{id}/detalle,SecurityConfig + @PreAuthorize,"hasAnyAuthority(ROL_JEFE_CALIDAD,ROL_SUPER_ADMIN,ROL_ANALISTA_CALIDAD,ROL_MICROBIOLOGO,ROL_JEFE_PRODUCCION) + @PreAuthorize(""hasAnyAuthority('ROL_JEFE_CALIDAD','ROL_ANALISTA_CALIDAD','ROL_MICROBIOLOGO','ROL_SUPER_ADMIN')",DENY,DENY,proteccion duplicada,src/main/java/com/willyes/clemenintegra/calidad/controller/EvaluacionCalidadController.java,78
Calidad,EvaluacionCalidad,CREAR,POST /api/calidad/evaluaciones,SecurityConfig + @PreAuthorize,"hasAnyAuthority(ROL_JEFE_CALIDAD,ROL_SUPER_ADMIN,ROL_ANALISTA_CALIDAD,ROL_MICROBIOLOGO,ROL_JEFE_PRODUCCION) + @PreAuthorize(""hasAnyAuthority('ROL_ANALISTA_CALIDAD','ROL_MICROBIOLOGO','ROL_JEFE_CALIDAD','ROL_SUPER_ADMIN')",DENY,DENY,proteccion duplicada,src/main/java/com/willyes/clemenintegra/calidad/controller/EvaluacionCalidadController.java,84
Calidad,EvaluacionCalidad,EDITAR,PUT /api/calidad/evaluaciones/{id},SecurityConfig + @PreAuthorize,"hasAnyAuthority(ROL_JEFE_CALIDAD,ROL_SUPER_ADMIN,ROL_ANALISTA_CALIDAD,ROL_MICROBIOLOGO,ROL_JEFE_PRODUCCION) + @PreAuthorize(""hasAnyAuthority('ROL_ANALISTA_CALIDAD','ROL_MICROBIOLOGO','ROL_JEFE_CALIDAD','ROL_SUPER_ADMIN')",DENY,DENY,proteccion duplicada,src/main/java/com/willyes/clemenintegra/calidad/controller/EvaluacionCalidadController.java,92
Calidad,EvaluacionCalidad,ANULAR,DELETE /api/calidad/evaluaciones/{id},SecurityConfig + @PreAuthorize,"hasAnyAuthority(ROL_JEFE_CALIDAD,ROL_SUPER_ADMIN,ROL_ANALISTA_CALIDAD,ROL_MICROBIOLOGO,ROL_JEFE_PRODUCCION) + @PreAuthorize(""hasAnyAuthority('ROL_JEFE_CALIDAD','ROL_ANALISTA_CALIDAD','ROL_MICROBIOLOGO','ROL_SUPER_ADMIN')",DENY,DENY,proteccion duplicada,src/main/java/com/willyes/clemenintegra/calidad/controller/EvaluacionCalidadController.java,99
Calidad,EvaluacionCalidad,LISTAR/VER,GET /api/calidad/evaluaciones/archivo/{nombreArchivo:.+},SecurityConfig + @PreAuthorize,"hasAnyAuthority(ROL_JEFE_CALIDAD,ROL_SUPER_ADMIN,ROL_ANALISTA_CALIDAD,ROL_MICROBIOLOGO,ROL_JEFE_PRODUCCION) + @PreAuthorize(""hasAnyAuthority('ROL_JEFE_CALIDAD','ROL_ANALISTA_CALIDAD','ROL_MICROBIOLOGO','ROL_SUPER_ADMIN')",DENY,DENY,proteccion duplicada,src/main/java/com/willyes/clemenintegra/calidad/controller/EvaluacionCalidadController.java,105
Calidad,EvaluacionCalidad,CREAR,POST /api/calidad/evaluaciones/{evaluacionId}/resultados-micro,SecurityConfig + @PreAuthorize,"hasAnyAuthority(ROL_MICROBIOLOGO,ROL_JEFE_CALIDAD,ROL_SUPER_ADMIN) + @PreAuthorize(""hasAnyAuthority('ROL_MICROBIOLOGO','ROL_JEFE_CALIDAD','ROL_SUPER_ADMIN')",DENY,DENY,proteccion duplicada,src/main/java/com/willyes/clemenintegra/calidad/controller/EvaluacionCalidadController.java,143
Calidad,EvaluacionCalidad,LISTAR/VER,GET /api/calidad/evaluaciones/plantillas/micro/producto/{productoId},SecurityConfig + @PreAuthorize,"hasAnyAuthority(ROL_MICROBIOLOGO,ROL_JEFE_CALIDAD,ROL_SUPER_ADMIN) + @PreAuthorize(""hasAnyAuthority('ROL_MICROBIOLOGO','ROL_JEFE_CALIDAD','ROL_SUPER_ADMIN')",DENY,DENY,proteccion duplicada,src/main/java/com/willyes/clemenintegra/calidad/controller/EvaluacionCalidadController.java,155
Calidad,EvaluacionCalidad,LISTAR/VER,GET /api/calidad/evaluaciones/{evaluacionId}/resultados-micro,SecurityConfig + @PreAuthorize,"hasAnyAuthority(ROL_MICROBIOLOGO,ROL_JEFE_CALIDAD,ROL_SUPER_ADMIN) + @PreAuthorize(""hasAnyAuthority('ROL_MICROBIOLOGO','ROL_JEFE_CALIDAD','ROL_SUPER_ADMIN')",DENY,DENY,proteccion duplicada,src/main/java/com/willyes/clemenintegra/calidad/controller/EvaluacionCalidadController.java,164
Calidad,ItemChecklist,LISTAR/VER,GET /api/calidad/checklist-items/{id},SecurityConfig,"hasAnyAuthority(ROL_JEFE_CALIDAD,ROL_SUPER_ADMIN,ROL_ANALISTA_CALIDAD,ROL_MICROBIOLOGO,ROL_JEFE_PRODUCCION)",DENY,DENY,cae en /api/** authenticated,src/main/java/com/willyes/clemenintegra/calidad/controller/ItemChecklistController.java,24
Calidad,ItemChecklist,EDITAR,PUT /api/calidad/checklist-items/{id},SecurityConfig,"hasAnyAuthority(ROL_JEFE_CALIDAD,ROL_SUPER_ADMIN,ROL_ANALISTA_CALIDAD,ROL_MICROBIOLOGO,ROL_JEFE_PRODUCCION)",DENY,DENY,cae en /api/** authenticated,src/main/java/com/willyes/clemenintegra/calidad/controller/ItemChecklistController.java,34
Calidad,ItemChecklist,ANULAR,DELETE /api/calidad/checklist-items/{id},SecurityConfig,"hasAnyAuthority(ROL_JEFE_CALIDAD,ROL_SUPER_ADMIN,ROL_ANALISTA_CALIDAD,ROL_MICROBIOLOGO,ROL_JEFE_PRODUCCION)",DENY,DENY,cae en /api/** authenticated,src/main/java/com/willyes/clemenintegra/calidad/controller/ItemChecklistController.java,39
Calidad,LoteCalidad,EDITAR,PUT /api/calidad/lotes/{loteId}/liberar,SecurityConfig + @PreAuthorize,"hasAnyAuthority(ROL_JEFE_CALIDAD,ROL_SUPER_ADMIN,ROL_ANALISTA_CALIDAD,ROL_MICROBIOLOGO,ROL_JEFE_PRODUCCION) + @PreAuthorize(""hasAnyAuthority('ROL_JEFE_CALIDAD','ROL_SUPER_ADMIN')",DENY,DENY,proteccion duplicada,src/main/java/com/willyes/clemenintegra/calidad/controller/LoteCalidadController.java,27
Calidad,LoteCalidad,CAMBIAR_ESTADO,GET /api/calidad/lotes/{loteId}/estado-calidad,SecurityConfig + @PreAuthorize,"hasAnyAuthority(ROL_JEFE_CALIDAD,ROL_ANALISTA_CALIDAD,ROL_MICROBIOLOGO,ROL_PLANEADOR,ROL_CONTADOR,ROL_SUPER_ADMIN) + @PreAuthorize(""hasAnyAuthority('ROL_JEFE_CALIDAD','ROL_SUPER_ADMIN','ROL_ANALISTA_CALIDAD','ROL_MICROBIOLOGO','ROL_PLANEADOR')",DENY,ALLOW,proteccion duplicada,src/main/java/com/willyes/clemenintegra/calidad/controller/LoteCalidadController.java,38
Calidad,LoteCalidad,LISTAR/VER,GET /api/calidad/lotes/{loteId}/condiciones-uso,SecurityConfig + @PreAuthorize,"hasAnyAuthority(ROL_JEFE_CALIDAD,ROL_SUPER_ADMIN,ROL_ANALISTA_CALIDAD,ROL_MICROBIOLOGO,ROL_JEFE_PRODUCCION) + @PreAuthorize(""hasAnyAuthority('ROL_JEFE_CALIDAD','ROL_SUPER_ADMIN','ROL_ANALISTA_CALIDAD','ROL_MICROBIOLOGO')",DENY,DENY,proteccion duplicada,src/main/java/com/willyes/clemenintegra/calidad/controller/LoteCalidadController.java,44
Calidad,LoteCalidad,EDITAR,PATCH /api/calidad/lotes/{loteId}/reabrir,SecurityConfig + @PreAuthorize,"hasAnyAuthority(ROL_JEFE_CALIDAD,ROL_SUPER_ADMIN,ROL_ANALISTA_CALIDAD,ROL_MICROBIOLOGO,ROL_JEFE_PRODUCCION) + @PreAuthorize(""hasAnyAuthority('ROL_JEFE_CALIDAD','ROL_SUPER_ADMIN')",DENY,DENY,proteccion duplicada,src/main/java/com/willyes/clemenintegra/calidad/controller/LoteCalidadController.java,54
Calidad,NoConformidad,LISTAR/VER,GET /api/calidad/no-conformidades/{id},SecurityConfig + @PreAuthorize,"hasAnyAuthority(ROL_JEFE_CALIDAD,ROL_ANALISTA_CALIDAD,ROL_MICROBIOLOGO,ROL_SUPER_ADMIN) + @PreAuthorize(""hasAnyAuthority('ROL_JEFE_CALIDAD','ROL_SUPER_ADMIN','ROL_ANALISTA_CALIDAD','ROL_MICROBIOLOGO')",DENY,DENY,proteccion duplicada,src/main/java/com/willyes/clemenintegra/calidad/controller/NoConformidadController.java,37
Calidad,NoConformidad,EDITAR,PATCH /api/calidad/no-conformidades/{id}/cerrar,SecurityConfig + @PreAuthorize,"hasAnyAuthority(ROL_JEFE_CALIDAD,ROL_SUPER_ADMIN,ROL_ANALISTA_CALIDAD,ROL_MICROBIOLOGO,ROL_JEFE_PRODUCCION) + @PreAuthorize(""hasAnyAuthority('ROL_JEFE_CALIDAD','ROL_SUPER_ADMIN')",DENY,DENY,proteccion duplicada,src/main/java/com/willyes/clemenintegra/calidad/controller/NoConformidadController.java,56
Calidad,NoConformidad,EDITAR,PUT /api/calidad/no-conformidades/{id},SecurityConfig + @PreAuthorize,"hasAnyAuthority(ROL_JEFE_CALIDAD,ROL_SUPER_ADMIN,ROL_ANALISTA_CALIDAD,ROL_MICROBIOLOGO,ROL_JEFE_PRODUCCION) + @PreAuthorize(""hasAnyAuthority('ROL_JEFE_CALIDAD','ROL_SUPER_ADMIN','ROL_ANALISTA_CALIDAD','ROL_MICROBIOLOGO')",DENY,DENY,proteccion duplicada,src/main/java/com/willyes/clemenintegra/calidad/controller/NoConformidadController.java,68
Calidad,NoConformidad,ANULAR,DELETE /api/calidad/no-conformidades/{id},SecurityConfig + @PreAuthorize,"hasAnyAuthority(ROL_JEFE_CALIDAD,ROL_SUPER_ADMIN,ROL_ANALISTA_CALIDAD,ROL_MICROBIOLOGO,ROL_JEFE_PRODUCCION) + @PreAuthorize(""hasAnyAuthority('ROL_JEFE_CALIDAD','ROL_SUPER_ADMIN','ROL_ANALISTA_CALIDAD','ROL_MICROBIOLOGO')",DENY,DENY,proteccion duplicada,src/main/java/com/willyes/clemenintegra/calidad/controller/NoConformidadController.java,80
Calidad,PlantillaAnalisisMicro,LISTAR/VER,GET /api/calidad/plantillas-micro/producto/{productoId},SecurityConfig + @PreAuthorize,"hasAnyAuthority(ROL_MICROBIOLOGO,ROL_JEFE_CALIDAD,ROL_SUPER_ADMIN) + @PreAuthorize(""hasAnyAuthority('ROL_MICROBIOLOGO','ROL_JEFE_CALIDAD','ROL_SUPER_ADMIN')",DENY,DENY,proteccion duplicada,src/main/java/com/willyes/clemenintegra/calidad/controller/PlantillaAnalisisMicroController.java,19
Calidad,RetencionLote,LISTAR/VER,GET /api/calidad/retenciones/{id},SecurityConfig + @PreAuthorize,"hasAnyAuthority(ROL_JEFE_CALIDAD,ROL_ANALISTA_CALIDAD,ROL_MICROBIOLOGO,ROL_SUPER_ADMIN) + @PreAuthorize(""hasAnyAuthority('ROL_JEFE_CALIDAD','ROL_SUPER_ADMIN','ROL_ANALISTA_CALIDAD','ROL_MICROBIOLOGO')",DENY,DENY,proteccion duplicada,src/main/java/com/willyes/clemenintegra/calidad/controller/RetencionLoteController.java,32
Calidad,RetencionLote,EDITAR,PUT /api/calidad/retenciones/{id},SecurityConfig + @PreAuthorize,"hasAnyAuthority(ROL_JEFE_CALIDAD,ROL_SUPER_ADMIN,ROL_ANALISTA_CALIDAD,ROL_MICROBIOLOGO,ROL_JEFE_PRODUCCION) + @PreAuthorize(""hasAnyAuthority('ROL_JEFE_CALIDAD','ROL_SUPER_ADMIN','ROL_ANALISTA_CALIDAD','ROL_MICROBIOLOGO')",DENY,DENY,proteccion duplicada,src/main/java/com/willyes/clemenintegra/calidad/controller/RetencionLoteController.java,49
Calidad,RetencionLote,ANULAR,DELETE /api/calidad/retenciones/{id},SecurityConfig + @PreAuthorize,"hasAnyAuthority(ROL_JEFE_CALIDAD,ROL_SUPER_ADMIN,ROL_ANALISTA_CALIDAD,ROL_MICROBIOLOGO,ROL_JEFE_PRODUCCION) + @PreAuthorize(""hasAnyAuthority('ROL_JEFE_CALIDAD','ROL_SUPER_ADMIN','ROL_ANALISTA_CALIDAD','ROL_MICROBIOLOGO')",DENY,DENY,proteccion duplicada,src/main/java/com/willyes/clemenintegra/calidad/controller/RetencionLoteController.java,61
Calidad,RetencionLote,EDITAR,PATCH /api/calidad/retenciones/{id}/levantar,SecurityConfig + @PreAuthorize,"hasAnyAuthority(ROL_JEFE_CALIDAD,ROL_SUPER_ADMIN,ROL_ANALISTA_CALIDAD,ROL_MICROBIOLOGO,ROL_JEFE_PRODUCCION) + @PreAuthorize(""hasAnyAuthority('ROL_JEFE_CALIDAD','ROL_SUPER_ADMIN')",DENY,DENY,proteccion duplicada,src/main/java/com/willyes/clemenintegra/calidad/controller/RetencionLoteController.java,68
Calidad,VidaUtilProducto,CREAR,POST /api/calidad/vida-util/producto-terminado/{productoId},SecurityConfig + @PreAuthorize,"hasAnyAuthority(ROL_JEFE_CALIDAD,ROL_SUPER_ADMIN,ROL_ANALISTA_CALIDAD,ROL_MICROBIOLOGO,ROL_JEFE_PRODUCCION) + @PreAuthorize(""hasAnyAuthority('ROL_JEFE_CALIDAD','ROL_SUPER_ADMIN')",DENY,DENY,proteccion duplicada,src/main/java/com/willyes/clemenintegra/calidad/controller/VidaUtilProductoController.java,42
Calidad,VidaUtilProducto,ANULAR,DELETE /api/calidad/vida-util/producto-terminado/{productoId},SecurityConfig + @PreAuthorize,"hasAnyAuthority(ROL_JEFE_CALIDAD,ROL_SUPER_ADMIN,ROL_ANALISTA_CALIDAD,ROL_MICROBIOLOGO,ROL_JEFE_PRODUCCION) + @PreAuthorize(""hasAnyAuthority('ROL_JEFE_CALIDAD','ROL_SUPER_ADMIN')",DENY,DENY,proteccion duplicada,src/main/java/com/willyes/clemenintegra/calidad/controller/VidaUtilProductoController.java,51
Bom,BomProducto,LISTAR/VER,GET /api/bom/productos-terminados,SecurityConfig + @PreAuthorize,"hasAnyAuthority(ROL_JEFE_PRODUCCION,ROL_JEFE_CALIDAD,ROL_SUPER_ADMIN) + @PreAuthorize(""hasAnyAuthority('ROL_JEFE_CALIDAD','ROL_SUPER_ADMIN')",DENY,DENY,proteccion duplicada,src/main/java/com/willyes/clemenintegra/bom/controller/BomProductoController.java,22
Bom,DetalleFormula,LISTAR/VER,GET /api/bom/detalles/{id},SecurityConfig + @PreAuthorize,"hasAnyAuthority(ROL_JEFE_PRODUCCION,ROL_JEFE_CALIDAD,ROL_SUPER_ADMIN) + @PreAuthorize(""hasAnyAuthority('ROL_JEFE_PRODUCCION','ROL_JEFE_CALIDAD','ROL_SUPER_ADMIN')",DENY,DENY,proteccion duplicada,src/main/java/com/willyes/clemenintegra/bom/controller/DetalleFormulaController.java,30
Bom,DetalleFormula,EDITAR,PUT /api/bom/detalles/{id},SecurityConfig + @PreAuthorize,"hasAnyAuthority(ROL_JEFE_PRODUCCION,ROL_JEFE_CALIDAD,ROL_SUPER_ADMIN) + @PreAuthorize(""hasAnyAuthority('ROL_JEFE_CALIDAD','ROL_SUPER_ADMIN')",DENY,DENY,proteccion duplicada,src/main/java/com/willyes/clemenintegra/bom/controller/DetalleFormulaController.java,49
Bom,DetalleFormula,ANULAR,DELETE /api/bom/detalles/{id},SecurityConfig + @PreAuthorize,"hasAnyAuthority(ROL_JEFE_PRODUCCION,ROL_JEFE_CALIDAD,ROL_SUPER_ADMIN) + @PreAuthorize(""hasAnyAuthority('ROL_JEFE_CALIDAD','ROL_SUPER_ADMIN')",DENY,DENY,proteccion duplicada,src/main/java/com/willyes/clemenintegra/bom/controller/DetalleFormulaController.java,64
Bom,DocumentoFormula,LISTAR/VER,GET /api/bom/formulas/{formulaId}/documentos,SecurityConfig + @PreAuthorize,"hasAnyAuthority(ROL_JEFE_PRODUCCION,ROL_JEFE_CALIDAD,ROL_SUPER_ADMIN) + @PreAuthorize(""hasAnyAuthority('ROL_JEFE_PRODUCCION','ROL_JEFE_CALIDAD','ROL_SUPER_ADMIN')",DENY,DENY,proteccion duplicada,src/main/java/com/willyes/clemenintegra/bom/controller/DocumentoFormulaController.java,31
Bom,DocumentoFormula,CREAR,POST /api/bom/formulas/{formulaId}/documentos,SecurityConfig + @PreAuthorize,"hasAnyAuthority(ROL_JEFE_PRODUCCION,ROL_JEFE_CALIDAD,ROL_SUPER_ADMIN) + @PreAuthorize(""hasAnyAuthority('ROL_JEFE_CALIDAD','ROL_SUPER_ADMIN')",DENY,DENY,proteccion duplicada,src/main/java/com/willyes/clemenintegra/bom/controller/DocumentoFormulaController.java,37
Bom,DocumentoFormula,LISTAR/VER,GET /api/bom/formulas/documentos/{documentoId}/descargar,SecurityConfig + @PreAuthorize,"hasAnyAuthority(ROL_JEFE_PRODUCCION,ROL_JEFE_CALIDAD,ROL_SUPER_ADMIN) + @PreAuthorize(""hasAnyAuthority('ROL_JEFE_PRODUCCION','ROL_JEFE_CALIDAD','ROL_SUPER_ADMIN')",DENY,DENY,proteccion duplicada,src/main/java/com/willyes/clemenintegra/bom/controller/DocumentoFormulaController.java,52
Bom,DocumentoFormula,ANULAR,DELETE /api/bom/formulas/documentos/{documentoId},SecurityConfig + @PreAuthorize,"hasAnyAuthority(ROL_JEFE_PRODUCCION,ROL_JEFE_CALIDAD,ROL_SUPER_ADMIN) + @PreAuthorize(""hasAnyAuthority('ROL_JEFE_CALIDAD','ROL_SUPER_ADMIN')",DENY,DENY,proteccion duplicada,src/main/java/com/willyes/clemenintegra/bom/controller/DocumentoFormulaController.java,62
Bom,FormulaProducto,LISTAR/VER,GET /api/bom/formulas/{id},SecurityConfig + @PreAuthorize,"hasAnyAuthority(ROL_JEFE_PRODUCCION,ROL_JEFE_CALIDAD,ROL_SUPER_ADMIN) + @PreAuthorize(""hasAnyAuthority('ROL_JEFE_PRODUCCION','ROL_JEFE_CALIDAD','ROL_SUPER_ADMIN')",DENY,DENY,proteccion duplicada,src/main/java/com/willyes/clemenintegra/bom/controller/FormulaProductoController.java,55
Bom,FormulaProducto,CREAR,POST /api/bom/formulas,SecurityConfig + @PreAuthorize,"hasAnyAuthority(ROL_JEFE_PRODUCCION,ROL_JEFE_CALIDAD,ROL_SUPER_ADMIN) + @PreAuthorize(""hasAnyAuthority('ROL_JEFE_CALIDAD','ROL_SUPER_ADMIN')",DENY,DENY,proteccion duplicada,src/main/java/com/willyes/clemenintegra/bom/controller/FormulaProductoController.java,63
Bom,FormulaProducto,CREAR,POST /api/bom/formulas/{id}/clonar,SecurityConfig + @PreAuthorize,"hasAnyAuthority(ROL_JEFE_PRODUCCION,ROL_JEFE_CALIDAD,ROL_SUPER_ADMIN) + @PreAuthorize(""hasAnyAuthority('ROL_JEFE_CALIDAD','ROL_SUPER_ADMIN')",DENY,DENY,proteccion duplicada,src/main/java/com/willyes/clemenintegra/bom/controller/FormulaProductoController.java,138
Bom,FormulaProducto,EDITAR,PUT /api/bom/formulas/{id},SecurityConfig + @PreAuthorize,"hasAnyAuthority(ROL_JEFE_PRODUCCION,ROL_JEFE_CALIDAD,ROL_SUPER_ADMIN) + @PreAuthorize(""hasAnyAuthority('ROL_JEFE_CALIDAD','ROL_SUPER_ADMIN')",DENY,DENY,proteccion duplicada,src/main/java/com/willyes/clemenintegra/bom/controller/FormulaProductoController.java,148
Bom,FormulaProducto,CAMBIAR_ESTADO,POST /api/bom/formulas/{id}/cambiar-estado,SecurityConfig + @PreAuthorize,"hasAnyAuthority(ROL_JEFE_PRODUCCION,ROL_JEFE_CALIDAD,ROL_SUPER_ADMIN) + @PreAuthorize(""hasAnyAuthority('ROL_JEFE_CALIDAD','ROL_SUPER_ADMIN')",DENY,DENY,proteccion duplicada,src/main/java/com/willyes/clemenintegra/bom/controller/FormulaProductoController.java,162
Bom,FormulaProducto,ANULAR,DELETE /api/bom/formulas/{id},SecurityConfig + @PreAuthorize,"hasAnyAuthority(ROL_JEFE_PRODUCCION,ROL_JEFE_CALIDAD,ROL_SUPER_ADMIN) + @PreAuthorize(""hasAnyAuthority('ROL_JEFE_CALIDAD','ROL_SUPER_ADMIN')",DENY,DENY,proteccion duplicada,src/main/java/com/willyes/clemenintegra/bom/controller/FormulaProductoController.java,173
Bom,FormulaProducto,LISTAR/VER,GET /api/bom/formulas/activa,SecurityConfig + @PreAuthorize,"hasAnyAuthority(ROL_JEFE_PRODUCCION,ROL_JEFE_CALIDAD,ROL_PLANEADOR,ROL_SUPER_ADMIN) + @PreAuthorize(""hasAnyAuthority('ROL_JEFE_PRODUCCION','ROL_JEFE_CALIDAD','ROL_PLANEADOR','ROL_SUPER_ADMIN')",DENY,ALLOW,proteccion duplicada,src/main/java/com/willyes/clemenintegra/bom/controller/FormulaProductoController.java,180
Bom,FormulaProducto,LISTAR/VER,GET /api/bom/formulas/producto/{productoId}/formula-activa,SecurityConfig + @PreAuthorize,"hasAnyAuthority(ROL_JEFE_PRODUCCION,ROL_JEFE_CALIDAD,ROL_PLANEADOR,ROL_SUPER_ADMIN) + @PreAuthorize(""hasAnyAuthority('ROL_JEFE_PRODUCCION','ROL_JEFE_CALIDAD','ROL_PLANEADOR','ROL_SUPER_ADMIN')",DENY,ALLOW,proteccion duplicada,src/main/java/com/willyes/clemenintegra/bom/controller/FormulaProductoController.java,188
Planeacion,Mrp,LISTAR/VER,GET /api/mrp/corridas/{id},SecurityConfig + @PreAuthorize,"hasAnyAuthority(ROL_COMPRADOR,ROL_PLANEADOR,ROL_SUPER_ADMIN) + @PreAuthorize(""hasAnyAuthority('ROL_COMPRADOR','ROL_PLANEADOR','ROL_SUPER_ADMIN')",DENY,ALLOW,proteccion duplicada,src/main/java/com/willyes/clemenintegra/planeacion/controller/MrpController.java,46
Planeacion,Mrp,LISTAR/VER,GET /api/mrp/corridas/{id}/excel,SecurityConfig + @PreAuthorize,"hasAnyAuthority(ROL_COMPRADOR,ROL_PLANEADOR,ROL_SUPER_ADMIN) + @PreAuthorize(""hasAnyAuthority('ROL_COMPRADOR','ROL_PLANEADOR','ROL_SUPER_ADMIN')",DENY,ALLOW,proteccion duplicada,src/main/java/com/willyes/clemenintegra/planeacion/controller/MrpController.java,57
Planeacion,Mrp,LISTAR/VER,GET /api/mrp/corridas/{id}/pdf,SecurityConfig + @PreAuthorize,"hasAnyAuthority(ROL_COMPRADOR,ROL_PLANEADOR,ROL_SUPER_ADMIN) + @PreAuthorize(""hasAnyAuthority('ROL_COMPRADOR','ROL_SUPER_ADMIN')",DENY,DENY,proteccion duplicada,src/main/java/com/willyes/clemenintegra/planeacion/controller/MrpController.java,71
Planeacion,PlanProduccion,CREAR,POST /api/planeacion/planes-semanales/{id}/confirmar,SecurityConfig + @PreAuthorize,"hasAnyAuthority(ROL_JEFE_PRODUCCION,ROL_PLANEADOR,ROL_SUPER_ADMIN) + @PreAuthorize(""hasAnyAuthority('ROL_JEFE_PRODUCCION','ROL_PLANEADOR','ROL_SUPER_ADMIN')",DENY,ALLOW,proteccion duplicada,src/main/java/com/willyes/clemenintegra/planeacion/controller/PlanProduccionController.java,45
Planeacion,PlanProduccion,CREAR,POST /api/planeacion/planes-semanales/{id}/cerrar,SecurityConfig + @PreAuthorize,"hasAnyAuthority(ROL_JEFE_PRODUCCION,ROL_PLANEADOR,ROL_SUPER_ADMIN) + @PreAuthorize(""hasAnyAuthority('ROL_JEFE_PRODUCCION','ROL_PLANEADOR','ROL_SUPER_ADMIN')",DENY,ALLOW,proteccion duplicada,src/main/java/com/willyes/clemenintegra/planeacion/controller/PlanProduccionController.java,52
Planeacion,PlanProduccion,LISTAR/VER,GET /api/planeacion/planes-semanales/{id},SecurityConfig + @PreAuthorize,"hasAnyAuthority(ROL_JEFE_PRODUCCION,ROL_COMPRADOR,ROL_PLANEADOR,ROL_CONTADOR,ROL_SUPER_ADMIN) + @PreAuthorize(""hasAnyAuthority('ROL_JEFE_PRODUCCION','ROL_COMPRADOR','ROL_PLANEADOR','ROL_CONTADOR','ROL_SUPER_ADMIN')",ALLOW,ALLOW,proteccion duplicada,src/main/java/com/willyes/clemenintegra/planeacion/controller/PlanProduccionController.java,70
